/*
  GrayKazu.h - Bộ lưu trữ Icon hệ điều hành KazuOS
  Created by GRAY KAZU
  Không sửa cấu trúc file này
*/

#ifndef __GRAY_KAZU_H___
#define __GRAY_KAZU_H___

#include "Arduino.h"

// Định nghĩa kích thước icon mặc định cho hệ thống
#define ICON_W 24
#define ICON_H 24
// 'wifi_password_24dp_E3E3E3_FILL0_wght400_GRAD0_opsz24', 24x24px
const unsigned char epd_bitmap_wifi_password_24dp_E3E3E3_FILL0_wght400_GRAD0_opsz24 [] PROGMEM = {
	0x00, 0x00, 0x00, 0x00, 0x00, 0x00, 0x00, 0x00, 0x00, 0x00, 0x00, 0x00, 0x00, 0xff, 0x00, 0x07, 
	0xff, 0xe0, 0x1f, 0xff, 0xf8, 0x3f, 0x00, 0xfc, 0x7c, 0x00, 0x3e, 0x70, 0x00, 0x0e, 0x20, 0x7e, 
	0x04, 0x01, 0xff, 0x80, 0x07, 0xff, 0xe0, 0x07, 0x81, 0xe0, 0x02, 0x00, 0x40, 0x00, 0x00, 0x00, 
	0x00, 0x18, 0x0c, 0x00, 0x3c, 0x12, 0x00, 0x3c, 0x12, 0x00, 0x3c, 0x3f, 0x00, 0x18, 0x3f, 0x00, 
	0x00, 0x3f, 0x00, 0x00, 0x3f, 0x00, 0x00, 0x3f
};
// 'lte_plus_mobiledata_badge_24dp_E3E3E3_FILL0_wght400_GRAD0_opsz24', 24x24px
const unsigned char epd_bitmap_lte_plus_mobiledata_badge_24dp_E3E3E3_FILL0_wght400_GRAD0_opsz24 [] PROGMEM = {
	0x00, 0x00, 0x00, 0x00, 0x00, 0x00, 0x00, 0x00, 0x00, 0x3f, 0xff, 0xfc, 0x7f, 0xff, 0xfe, 0x60, 
	0x00, 0x06, 0x60, 0x00, 0x06, 0x60, 0x00, 0x06, 0x6c, 0xfb, 0xc0, 0x6c, 0xfb, 0xc0, 0x6c, 0x23, 
	0x0c, 0x6c, 0x23, 0x9e, 0x6c, 0x23, 0x9e, 0x6c, 0x23, 0x0c, 0x6f, 0x23, 0xc0, 0x6f, 0x23, 0xc0, 
	0x60, 0x00, 0x06, 0x60, 0x00, 0x06, 0x60, 0x00, 0x06, 0x7f, 0xff, 0xfe, 0x3f, 0xff, 0xfc, 0x00, 
	0x00, 0x00, 0x00, 0x00, 0x00, 0x00, 0x00, 0x00
};
// 'battery_android_4_24dp_E3E3E3_FILL0_wght400_GRAD0_opsz24', 24x24px
const unsigned char epd_bitmap_battery_android_4_24dp_E3E3E3_FILL0_wght400_GRAD0_opsz24 [] PROGMEM = {
	0x00, 0x00, 0x00, 0x00, 0x00, 0x00, 0x00, 0x00, 0x00, 0x00, 0x00, 0x00, 0x00, 0x00, 0x00, 0x00, 
	0x00, 0x00, 0x1f, 0xff, 0xe0, 0x3f, 0xff, 0xf0, 0x7f, 0xf0, 0x30, 0x7f, 0xf0, 0x10, 0x7f, 0xf0, 
	0x12, 0x7f, 0xf0, 0x12, 0x7f, 0xf0, 0x12, 0x7f, 0xf0, 0x12, 0x7f, 0xf0, 0x10, 0x7f, 0xf0, 0x30, 
	0x7f, 0xff, 0xf0, 0x3f, 0xff, 0xe0, 0x00, 0x00, 0x00, 0x00, 0x00, 0x00, 0x00, 0x00, 0x00, 0x00, 
	0x00, 0x00, 0x00, 0x00, 0x00, 0x00, 0x00, 0x00
};
// 'battery_android_frame_5_24dp_E3E3E3_FILL0_wght400_GRAD0_opsz24', 24x24px
const unsigned char epd_bitmap_battery_android_frame_5_24dp_E3E3E3_FILL0_wght400_GRAD0_opsz24 [] PROGMEM = {
	0x00, 0x00, 0x00, 0x00, 0x00, 0x00, 0x00, 0x00, 0x00, 0x00, 0x00, 0x00, 0x00, 0x00, 0x00, 0x00, 
	0x00, 0x00, 0x1f, 0xff, 0xe0, 0x3f, 0xff, 0xf0, 0x60, 0x00, 0x30, 0x6f, 0xfc, 0x10, 0x6f, 0xfc, 
	0x12, 0x6f, 0xfc, 0x12, 0x6f, 0xfc, 0x12, 0x6f, 0xfc, 0x12, 0x6f, 0xfc, 0x10, 0x60, 0x00, 0x30, 
	0x7f, 0xff, 0xf0, 0x3f, 0xff, 0xe0, 0x00, 0x00, 0x00, 0x00, 0x00, 0x00, 0x00, 0x00, 0x00, 0x00, 
	0x00, 0x00, 0x00, 0x00, 0x00, 0x00, 0x00, 0x00
};
// 'battery_android_frame_6_24dp_E3E3E3_FILL0_wght400_GRAD0_opsz24', 24x24px
const unsigned char epd_bitmap_battery_android_frame_6_24dp_E3E3E3_FILL0_wght400_GRAD0_opsz24 [] PROGMEM = {
	0x00, 0x00, 0x00, 0x00, 0x00, 0x00, 0x00, 0x00, 0x00, 0x00, 0x00, 0x00, 0x00, 0x00, 0x00, 0x00, 
	0x00, 0x00, 0x1f, 0xff, 0xe0, 0x3f, 0xff, 0xf0, 0x60, 0x00, 0x30, 0x6f, 0xff, 0x10, 0x6f, 0xff, 
	0x12, 0x6f, 0xff, 0x12, 0x6f, 0xff, 0x12, 0x6f, 0xff, 0x12, 0x6f, 0xff, 0x10, 0x60, 0x00, 0x30, 
	0x7f, 0xff, 0xf0, 0x3f, 0xff, 0xe0, 0x00, 0x00, 0x00, 0x00, 0x00, 0x00, 0x00, 0x00, 0x00, 0x00, 
	0x00, 0x00, 0x00, 0x00, 0x00, 0x00, 0x00, 0x00
};
// 'battery_android_frame_1_24dp_E3E3E3_FILL0_wght400_GRAD0_opsz24', 24x24px
const unsigned char epd_bitmap_battery_android_frame_1_24dp_E3E3E3_FILL0_wght400_GRAD0_opsz24 [] PROGMEM = {
	0x00, 0x00, 0x00, 0x00, 0x00, 0x00, 0x00, 0x00, 0x00, 0x00, 0x00, 0x00, 0x00, 0x00, 0x00, 0x00, 
	0x00, 0x00, 0x1f, 0xff, 0xe0, 0x3f, 0xff, 0xf0, 0x60, 0x00, 0x30, 0x6c, 0x00, 0x10, 0x6c, 0x00, 
	0x12, 0x6c, 0x00, 0x12, 0x6c, 0x00, 0x12, 0x6c, 0x00, 0x12, 0x6c, 0x00, 0x10, 0x60, 0x00, 0x30, 
	0x7f, 0xff, 0xf0, 0x3f, 0xff, 0xe0, 0x00, 0x00, 0x00, 0x00, 0x00, 0x00, 0x00, 0x00, 0x00, 0x00, 
	0x00, 0x00, 0x00, 0x00, 0x00, 0x00, 0x00, 0x00
};
// 'battery_android_2_24dp_E3E3E3_FILL0_wght400_GRAD0_opsz24', 24x24px
const unsigned char epd_bitmap_battery_android_2_24dp_E3E3E3_FILL0_wght400_GRAD0_opsz24 [] PROGMEM = {
	0x00, 0x00, 0x00, 0x00, 0x00, 0x00, 0x00, 0x00, 0x00, 0x00, 0x00, 0x00, 0x00, 0x00, 0x00, 0x00, 
	0x00, 0x00, 0x1f, 0xff, 0xe0, 0x3f, 0xff, 0xf0, 0x7f, 0x00, 0x30, 0x7f, 0x00, 0x10, 0x7f, 0x00, 
	0x12, 0x7f, 0x00, 0x12, 0x7f, 0x00, 0x12, 0x7f, 0x00, 0x12, 0x7f, 0x00, 0x10, 0x7f, 0x00, 0x30, 
	0x7f, 0xff, 0xf0, 0x3f, 0xff, 0xe0, 0x00, 0x00, 0x00, 0x00, 0x00, 0x00, 0x00, 0x00, 0x00, 0x00, 
	0x00, 0x00, 0x00, 0x00, 0x00, 0x00, 0x00, 0x00
};
// 'flashlight_on_24dp_E3E3E3_FILL0_wght400_GRAD0_opsz24', 24x24px
const unsigned char epd_bitmap_flashlight_on_24dp_E3E3E3_FILL0_wght400_GRAD0_opsz24 [] PROGMEM = {
	0x00, 0x00, 0x00, 0x00, 0x00, 0x00, 0x03, 0xff, 0xc0, 0x03, 0xff, 0xc0, 0x03, 0x00, 0xc0, 0x03, 
	0xff, 0xc0, 0x03, 0xff, 0xc0, 0x03, 0x00, 0xc0, 0x03, 0x81, 0xc0, 0x01, 0x81, 0x80, 0x00, 0xc3, 
	0x00, 0x00, 0xc3, 0x00, 0x00, 0xc3, 0x00, 0x00, 0xdb, 0x00, 0x00, 0xdb, 0x00, 0x00, 0xc3, 0x00, 
	0x00, 0xc3, 0x00, 0x00, 0xc3, 0x00, 0x00, 0xc3, 0x00, 0x00, 0xc3, 0x00, 0x00, 0xff, 0x00, 0x00, 
	0xff, 0x00, 0x00, 0x00, 0x00, 0x00, 0x00, 0x00
};
// 'battery_android_0_24dp_E3E3E3_FILL0_wght400_GRAD0_opsz24', 24x24px
const unsigned char epd_bitmap_battery_android_0_24dp_E3E3E3_FILL0_wght400_GRAD0_opsz24 [] PROGMEM = {
	0x00, 0x00, 0x00, 0x00, 0x00, 0x00, 0x00, 0x00, 0x00, 0x00, 0x00, 0x00, 0x00, 0x00, 0x00, 0x00, 
	0x00, 0x00, 0x1f, 0xff, 0xe0, 0x3f, 0xff, 0xf0, 0x60, 0x00, 0x30, 0x60, 0x00, 0x10, 0x60, 0x00, 
	0x12, 0x60, 0x00, 0x12, 0x60, 0x00, 0x12, 0x60, 0x00, 0x12, 0x60, 0x00, 0x10, 0x60, 0x00, 0x30, 
	0x7f, 0xff, 0xf0, 0x3f, 0xff, 0xe0, 0x00, 0x00, 0x00, 0x00, 0x00, 0x00, 0x00, 0x00, 0x00, 0x00, 
	0x00, 0x00, 0x00, 0x00, 0x00, 0x00, 0x00, 0x00
};
// 'brightness_medium_24dp_E3E3E3_FILL0_wght400_GRAD0_opsz24', 24x24px
const unsigned char epd_bitmap_brightness_medium_24dp_E3E3E3_FILL0_wght400_GRAD0_opsz24 [] PROGMEM = {
	0x00, 0x00, 0x00, 0x00, 0x18, 0x00, 0x00, 0x3c, 0x00, 0x00, 0x7e, 0x00, 0x0f, 0xe7, 0xf0, 0x0f, 
	0xc3, 0xf0, 0x0c, 0x00, 0x30, 0x0c, 0x0c, 0x30, 0x0c, 0x0e, 0x30, 0x1c, 0x0f, 0x38, 0x38, 0x0f, 
	0x9c, 0x70, 0x0f, 0x8e, 0x70, 0x0f, 0x8e, 0x38, 0x0f, 0x9c, 0x1c, 0x0f, 0x38, 0x0c, 0x0f, 0x30, 
	0x0c, 0x0c, 0x30, 0x0c, 0x00, 0x30, 0x0f, 0xc3, 0xf0, 0x0f, 0xe7, 0xf0, 0x00, 0x7e, 0x00, 0x00, 
	0x3c, 0x00, 0x00, 0x18, 0x00, 0x00, 0x00, 0x00
};
// 'signal_wifi_statusbar_not_connected_24dp_E3E3E3_FILL0_wght400_GRAD0_opsz24', 24x24px
const unsigned char epd_bitmap_signal_wifi_statusbar_not_connected_24dp_E3E3E3_FILL0_wght400_GRAD0_opsz24 [] PROGMEM = {
	0x00, 0x00, 0x00, 0x00, 0x00, 0x00, 0x00, 0x00, 0x00, 0x00, 0x00, 0x00, 0x00, 0xff, 0x00, 0x07, 
	0xff, 0xe0, 0x1f, 0xff, 0xf8, 0x3f, 0xff, 0xfc, 0x7f, 0xff, 0x86, 0x7f, 0xfe, 0x00, 0x3f, 0xfe, 
	0x38, 0x1f, 0xfc, 0xec, 0x0f, 0xfc, 0x0c, 0x07, 0xfc, 0x0c, 0x03, 0xfc, 0x18, 0x01, 0xfe, 0x30, 
	0x00, 0xfe, 0x30, 0x00, 0x7e, 0x00, 0x00, 0x3c, 0x30, 0x00, 0x18, 0x30, 0x00, 0x00, 0x00, 0x00, 
	0x00, 0x00, 0x00, 0x00, 0x00, 0x00, 0x00, 0x00
};
// 'nfc_24dp_E3E3E3_FILL0_wght400_GRAD0_opsz24', 24x24px
const unsigned char epd_bitmap_nfc_24dp_E3E3E3_FILL0_wght400_GRAD0_opsz24 [] PROGMEM = {
	0x00, 0x00, 0x00, 0x00, 0x00, 0x00, 0x00, 0x00, 0x00, 0x0f, 0xff, 0xf0, 0x1f, 0xff, 0xf8, 0x18, 
	0x00, 0x18, 0x18, 0x00, 0x18, 0x19, 0xcf, 0x98, 0x19, 0xdf, 0x98, 0x19, 0x99, 0x98, 0x19, 0x99, 
	0x98, 0x19, 0xbd, 0x98, 0x19, 0xbd, 0x98, 0x19, 0x99, 0x98, 0x19, 0x81, 0x98, 0x19, 0xff, 0x98, 
	0x19, 0xff, 0x98, 0x18, 0x00, 0x18, 0x18, 0x00, 0x18, 0x1f, 0xff, 0xf8, 0x0f, 0xff, 0xf0, 0x00, 
	0x00, 0x00, 0x00, 0x00, 0x00, 0x00, 0x00, 0x00
};
// 'pin_24dp_E3E3E3_FILL0_wght400_GRAD0_opsz24', 24x24px
const unsigned char epd_bitmap_pin_24dp_E3E3E3_FILL0_wght400_GRAD0_opsz24 [] PROGMEM = {
	0x00, 0x00, 0x00, 0x00, 0x00, 0x00, 0x00, 0x00, 0x00, 0x00, 0x00, 0x00, 0x1f, 0xff, 0xf8, 0x3f, 
	0xff, 0xfc, 0x30, 0x00, 0x0c, 0x30, 0x00, 0x0c, 0x30, 0x00, 0x0c, 0x33, 0x38, 0xcc, 0x37, 0x28, 
	0x2c, 0x31, 0x08, 0x4c, 0x31, 0x10, 0x6c, 0x31, 0x31, 0x2c, 0x31, 0x38, 0xcc, 0x30, 0x00, 0x0c, 
	0x30, 0x00, 0x0c, 0x30, 0x00, 0x0c, 0x3f, 0xff, 0xfc, 0x1f, 0xff, 0xf8, 0x00, 0x00, 0x00, 0x00, 
	0x00, 0x00, 0x00, 0x00, 0x00, 0x00, 0x00, 0x00
};
// 'android_24dp_E3E3E3_FILL0_wght400_GRAD0_opsz24', 24x24px
const unsigned char epd_bitmap_android_24dp_E3E3E3_FILL0_wght400_GRAD0_opsz24 [] PROGMEM = {
	0x00, 0x00, 0x00, 0x00, 0x00, 0x00, 0x00, 0x00, 0x00, 0x00, 0x00, 0x00, 0x00, 0x00, 0x00, 0x00, 
	0x00, 0x00, 0x04, 0x00, 0x20, 0x06, 0x00, 0x60, 0x02, 0x7e, 0x40, 0x03, 0xff, 0xc0, 0x07, 0xff, 
	0xe0, 0x0f, 0xff, 0xf0, 0x1f, 0xff, 0xf8, 0x3c, 0xff, 0x3c, 0x3c, 0xff, 0x3c, 0x3f, 0xff, 0xfc, 
	0x7f, 0xff, 0xfe, 0x7f, 0xff, 0xfe, 0x00, 0x00, 0x00, 0x00, 0x00, 0x00, 0x00, 0x00, 0x00, 0x00, 
	0x00, 0x00, 0x00, 0x00, 0x00, 0x00, 0x00, 0x00
};
// 'widgets_24dp_E3E3E3_FILL0_wght400_GRAD0_opsz24', 24x24px
const unsigned char epd_bitmap_widgets_24dp_E3E3E3_FILL0_wght400_GRAD0_opsz24 [] PROGMEM = {
	0x00, 0x00, 0x00, 0x00, 0x00, 0x00, 0x00, 0x00, 0x80, 0x1f, 0xe1, 0xc0, 0x1f, 0xe3, 0xe0, 0x18, 
	0x67, 0x30, 0x18, 0x6e, 0x18, 0x18, 0x7c, 0x1c, 0x18, 0x6e, 0x38, 0x1f, 0xe7, 0x70, 0x1f, 0xe3, 
	0xe0, 0x00, 0x01, 0xc0, 0x00, 0x00, 0x80, 0x1f, 0xe7, 0xf8, 0x1f, 0xe7, 0xf8, 0x18, 0x66, 0x18, 
	0x18, 0x66, 0x18, 0x18, 0x66, 0x18, 0x18, 0x66, 0x18, 0x1f, 0xe7, 0xf8, 0x1f, 0xe7, 0xf8, 0x00, 
	0x00, 0x00, 0x00, 0x00, 0x00, 0x00, 0x00, 0x00
};
// 'password_24dp_E3E3E3_FILL0_wght400_GRAD0_opsz24', 24x24px
const unsigned char epd_bitmap_password_24dp_E3E3E3_FILL0_wght400_GRAD0_opsz24 [] PROGMEM = {
	0x00, 0x00, 0x00, 0x00, 0x00, 0x00, 0x00, 0x00, 0x00, 0x00, 0x00, 0x00, 0x00, 0x00, 0x00, 0x00, 
	0x00, 0x00, 0x00, 0x00, 0x00, 0x24, 0x24, 0x24, 0x3c, 0x3c, 0x3c, 0x7e, 0x7e, 0x7e, 0x7e, 0x7e, 
	0x7e, 0x3c, 0x3c, 0x3c, 0x24, 0x24, 0x24, 0x00, 0x00, 0x00, 0x00, 0x00, 0x00, 0x00, 0x00, 0x00, 
	0x00, 0x00, 0x00, 0x3f, 0xff, 0xfc, 0x3f, 0xff, 0xfc, 0x00, 0x00, 0x00, 0x00, 0x00, 0x00, 0x00, 
	0x00, 0x00, 0x00, 0x00, 0x00, 0x00, 0x00, 0x00
};
// 'dark_mode_24dp_E3E3E3_FILL0_wght400_GRAD0_opsz24', 24x24px
const unsigned char epd_bitmap_dark_mode_24dp_E3E3E3_FILL0_wght400_GRAD0_opsz24 [] PROGMEM = {
	0x00, 0x00, 0x00, 0x00, 0x00, 0x00, 0x00, 0x00, 0x00, 0x00, 0x78, 0x00, 0x01, 0xf0, 0x00, 0x03, 
	0xe0, 0x00, 0x07, 0x60, 0x00, 0x0e, 0x60, 0x00, 0x0c, 0x60, 0x00, 0x18, 0x60, 0x00, 0x18, 0x30, 
	0x00, 0x18, 0x38, 0x08, 0x18, 0x1c, 0x18, 0x18, 0x0f, 0xf8, 0x18, 0x03, 0xf8, 0x0c, 0x00, 0x30, 
	0x0e, 0x00, 0x70, 0x07, 0x00, 0xe0, 0x03, 0x81, 0xc0, 0x01, 0xff, 0x80, 0x00, 0x7e, 0x00, 0x00, 
	0x00, 0x00, 0x00, 0x00, 0x00, 0x00, 0x00, 0x00
};
// 'volume_off_24dp_E3E3E3_FILL0_wght400_GRAD0_opsz24', 24x24px
const unsigned char epd_bitmap_volume_off_24dp_E3E3E3_FILL0_wght400_GRAD0_opsz24 [] PROGMEM = {
	0x00, 0x00, 0x00, 0x00, 0x00, 0x00, 0x00, 0x00, 0x00, 0x20, 0x02, 0x00, 0x30, 0x03, 0x80, 0x18, 
	0x11, 0xc0, 0x0c, 0x30, 0xe0, 0x06, 0x30, 0x70, 0x03, 0x12, 0x30, 0x1f, 0x83, 0x18, 0x1f, 0xc3, 
	0x18, 0x18, 0x63, 0x18, 0x18, 0x31, 0x18, 0x1f, 0x38, 0x18, 0x1f, 0xbc, 0x18, 0x00, 0xf6, 0x30, 
	0x00, 0x73, 0x10, 0x00, 0x31, 0x80, 0x00, 0x11, 0xc0, 0x00, 0x03, 0xe0, 0x00, 0x02, 0x30, 0x00, 
	0x00, 0x18, 0x00, 0x00, 0x00, 0x00, 0x00, 0x00
};
// 'movie_24dp_E3E3E3_FILL0_wght400_GRAD0_opsz24', 24x24px
const unsigned char epd_bitmap_movie_24dp_E3E3E3_FILL0_wght400_GRAD0_opsz24 [] PROGMEM = {
	0x00, 0x00, 0x00, 0x00, 0x00, 0x00, 0x00, 0x00, 0x00, 0x00, 0x00, 0x00, 0x11, 0x8c, 0x78, 0x38, 
	0xc6, 0x3c, 0x38, 0xc6, 0x3c, 0x3c, 0x63, 0x1c, 0x3f, 0xff, 0xfc, 0x3f, 0xff, 0xfc, 0x30, 0x00, 
	0x0c, 0x30, 0x00, 0x0c, 0x30, 0x00, 0x0c, 0x30, 0x00, 0x0c, 0x30, 0x00, 0x0c, 0x30, 0x00, 0x0c, 
	0x30, 0x00, 0x0c, 0x30, 0x00, 0x0c, 0x3f, 0xff, 0xfc, 0x1f, 0xff, 0xf8, 0x00, 0x00, 0x00, 0x00, 
	0x00, 0x00, 0x00, 0x00, 0x00, 0x00, 0x00, 0x00
};
// 'speed_24dp_E3E3E3_FILL0_wght400_GRAD0_opsz24', 24x24px
const unsigned char epd_bitmap_speed_24dp_E3E3E3_FILL0_wght400_GRAD0_opsz24 [] PROGMEM = {
	0x00, 0x00, 0x00, 0x00, 0x00, 0x00, 0x00, 0x00, 0x00, 0x00, 0x00, 0x00, 0x00, 0x7e, 0x00, 0x01, 
	0xff, 0x80, 0x03, 0x81, 0x00, 0x06, 0x00, 0x20, 0x0c, 0x00, 0x40, 0x18, 0x01, 0x88, 0x18, 0x03, 
	0x98, 0x30, 0x0f, 0x0c, 0x30, 0x1e, 0x0c, 0x30, 0x3e, 0x0c, 0x30, 0x3c, 0x0c, 0x30, 0x18, 0x0c, 
	0x30, 0x00, 0x0c, 0x18, 0x00, 0x18, 0x1f, 0xff, 0xf8, 0x0f, 0xff, 0xf0, 0x00, 0x00, 0x00, 0x00, 
	0x00, 0x00, 0x00, 0x00, 0x00, 0x00, 0x00, 0x00
};
// 'pause_24dp_E3E3E3_FILL0_wght400_GRAD0_opsz24', 24x24px
const unsigned char epd_bitmap_pause_24dp_E3E3E3_FILL0_wght400_GRAD0_opsz24 [] PROGMEM = {
	0x00, 0x00, 0x00, 0x00, 0x00, 0x00, 0x00, 0x00, 0x00, 0x00, 0x00, 0x00, 0x00, 0x00, 0x00, 0x07, 
	0xe7, 0xe0, 0x07, 0xe7, 0xe0, 0x06, 0x66, 0x60, 0x06, 0x66, 0x60, 0x06, 0x66, 0x60, 0x06, 0x66, 
	0x60, 0x06, 0x66, 0x60, 0x06, 0x66, 0x60, 0x06, 0x66, 0x60, 0x06, 0x66, 0x60, 0x06, 0x66, 0x60, 
	0x06, 0x66, 0x60, 0x07, 0xe7, 0xe0, 0x07, 0xe7, 0xe0, 0x00, 0x00, 0x00, 0x00, 0x00, 0x00, 0x00, 
	0x00, 0x00, 0x00, 0x00, 0x00, 0x00, 0x00, 0x00
};
// 'play_arrow_24dp_E3E3E3_FILL0_wght400_GRAD0_opsz24', 24x24px
const unsigned char epd_bitmap_play_arrow_24dp_E3E3E3_FILL0_wght400_GRAD0_opsz24 [] PROGMEM = {
	0x00, 0x00, 0x00, 0x00, 0x00, 0x00, 0x00, 0x00, 0x00, 0x00, 0x00, 0x00, 0x00, 0x00, 0x00, 0x00, 
	0x80, 0x00, 0x00, 0xc0, 0x00, 0x00, 0xf0, 0x00, 0x00, 0xf8, 0x00, 0x00, 0xde, 0x00, 0x00, 0xc7, 
	0x80, 0x00, 0xc1, 0xc0, 0x00, 0xc1, 0xc0, 0x00, 0xc7, 0x80, 0x00, 0xde, 0x00, 0x00, 0xf8, 0x00, 
	0x00, 0xf0, 0x00, 0x00, 0xc0, 0x00, 0x00, 0x80, 0x00, 0x00, 0x00, 0x00, 0x00, 0x00, 0x00, 0x00, 
	0x00, 0x00, 0x00, 0x00, 0x00, 0x00, 0x00, 0x00
};
// 'mic_24dp_E3E3E3_FILL0_wght400_GRAD0_opsz24', 24x24px
const unsigned char epd_bitmap_mic_24dp_E3E3E3_FILL0_wght400_GRAD0_opsz24 [] PROGMEM = {
	0x00, 0x00, 0x00, 0x00, 0x00, 0x00, 0x00, 0x1c, 0x00, 0x00, 0x3e, 0x00, 0x00, 0x66, 0x00, 0x00, 
	0x66, 0x00, 0x00, 0x66, 0x00, 0x00, 0x66, 0x00, 0x00, 0x66, 0x00, 0x00, 0x66, 0x00, 0x00, 0x66, 
	0x00, 0x06, 0x66, 0x60, 0x06, 0x7e, 0x60, 0x03, 0x38, 0xe0, 0x03, 0x00, 0xc0, 0x01, 0xc3, 0x80, 
	0x00, 0xff, 0x00, 0x00, 0x3e, 0x00, 0x00, 0x18, 0x00, 0x00, 0x18, 0x00, 0x00, 0x18, 0x00, 0x00, 
	0x00, 0x00, 0x00, 0x00, 0x00, 0x00, 0x00, 0x00
};
// 'volume_up_24dp_E3E3E3_FILL0_wght400_GRAD0_opsz24', 24x24px
const unsigned char epd_bitmap_volume_up_24dp_E3E3E3_FILL0_wght400_GRAD0_opsz24 [] PROGMEM = {
	0x00, 0x00, 0x00, 0x00, 0x00, 0x00, 0x00, 0x00, 0x00, 0x00, 0x02, 0x00, 0x00, 0x03, 0x80, 0x00, 
	0x11, 0xc0, 0x00, 0x30, 0xe0, 0x00, 0x70, 0x70, 0x00, 0xf2, 0x30, 0x1f, 0xb3, 0x18, 0x1f, 0x33, 
	0x18, 0x18, 0x33, 0x18, 0x18, 0x33, 0x18, 0x1f, 0x33, 0x18, 0x1f, 0xb3, 0x18, 0x00, 0xf2, 0x30, 
	0x00, 0x70, 0x70, 0x00, 0x30, 0xe0, 0x00, 0x11, 0xc0, 0x00, 0x03, 0x80, 0x00, 0x02, 0x00, 0x00, 
	0x00, 0x00, 0x00, 0x00, 0x00, 0x00, 0x00, 0x00
};
// 'menu_book_24dp_E3E3E3_FILL0_wght400_GRAD0_opsz24', 24x24px
const unsigned char epd_bitmap_menu_book_24dp_E3E3E3_FILL0_wght400_GRAD0_opsz24 [] PROGMEM = {
	0x00, 0x00, 0x00, 0x00, 0x00, 0x00, 0x00, 0x00, 0x00, 0x00, 0x00, 0x00, 0x1f, 0xc3, 0xf8, 0x7f, 
	0xff, 0xfe, 0x70, 0x7c, 0x0e, 0x60, 0x18, 0x06, 0x60, 0x1b, 0xf6, 0x60, 0x1a, 0x06, 0x60, 0x18, 
	0xe6, 0x60, 0x1b, 0xf6, 0x60, 0x18, 0x06, 0x60, 0x19, 0xf6, 0x60, 0x1b, 0xb6, 0x60, 0x18, 0x06, 
	0x6f, 0x99, 0xf6, 0x7f, 0xff, 0xfe, 0x70, 0x7e, 0x0e, 0x00, 0x18, 0x00, 0x00, 0x00, 0x00, 0x00, 
	0x00, 0x00, 0x00, 0x00, 0x00, 0x00, 0x00, 0x00
};
// 'flight_24dp_E3E3E3_FILL0_wght400_GRAD0_opsz24', 24x24px
const unsigned char epd_bitmap_flight_24dp_E3E3E3_FILL0_wght400_GRAD0_opsz24 [] PROGMEM = {
	0x00, 0x00, 0x00, 0x00, 0x00, 0x00, 0x00, 0x18, 0x00, 0x00, 0x3c, 0x00, 0x00, 0x3c, 0x00, 0x00, 
	0x3c, 0x00, 0x00, 0x3c, 0x00, 0x00, 0x3c, 0x00, 0x00, 0x3c, 0x00, 0x00, 0x7f, 0x00, 0x01, 0xff, 
	0x80, 0x03, 0xff, 0xc0, 0x0f, 0xff, 0xf0, 0x1f, 0xff, 0xf8, 0x3f, 0x3c, 0xfc, 0x3c, 0x3c, 0x3c, 
	0x20, 0x3c, 0x04, 0x00, 0x3c, 0x00, 0x00, 0x7f, 0x00, 0x01, 0xff, 0x80, 0x01, 0xff, 0x80, 0x01, 
	0x81, 0x80, 0x00, 0x00, 0x00, 0x00, 0x00, 0x00
};
// 'airplanemode_inactive_24dp_E3E3E3_FILL0_wght400_GRAD0_opsz24', 24x24px
const unsigned char epd_bitmap_airplanemode_inactive_24dp_E3E3E3_FILL0_wght400_GRAD0_opsz24 [] PROGMEM = {
	0x00, 0x00, 0x00, 0x00, 0x00, 0x00, 0x00, 0x18, 0x00, 0x20, 0x3c, 0x00, 0x30, 0x3c, 0x00, 0x18, 
	0x3c, 0x00, 0x0c, 0x3c, 0x00, 0x06, 0x3c, 0x00, 0x03, 0x1c, 0x00, 0x01, 0x8f, 0x00, 0x01, 0xc7, 
	0x80, 0x03, 0xe3, 0xc0, 0x0f, 0xf1, 0xf0, 0x1f, 0xf8, 0xf8, 0x3f, 0x3c, 0x7c, 0x3c, 0x3e, 0x3c, 
	0x20, 0x3f, 0x04, 0x00, 0x3d, 0x80, 0x00, 0x7f, 0xc0, 0x01, 0xff, 0xe0, 0x01, 0xff, 0xb0, 0x01, 
	0x81, 0x98, 0x00, 0x00, 0x00, 0x00, 0x00, 0x00
};
// 'split_scene_up_24dp_E3E3E3_FILL0_wght400_GRAD0_opsz24', 24x24px
const unsigned char epd_bitmap_split_scene_up_24dp_E3E3E3_FILL0_wght400_GRAD0_opsz24 [] PROGMEM = {
	0x00, 0x00, 0x00, 0x00, 0x00, 0x00, 0x00, 0x00, 0x00, 0x07, 0xff, 0xe0, 0x0f, 0xff, 0xf0, 0x0f, 
	0xff, 0xf0, 0x0f, 0xff, 0xf0, 0x0f, 0xff, 0xf0, 0x0f, 0xff, 0xf0, 0x0f, 0xff, 0xf0, 0x0f, 0xff, 
	0xf0, 0x3f, 0xff, 0xfc, 0x3f, 0xff, 0xfc, 0x00, 0x00, 0x00, 0x00, 0x00, 0x00, 0x0c, 0x00, 0x30, 
	0x0c, 0x00, 0x30, 0x0c, 0x00, 0x30, 0x0c, 0x00, 0x30, 0x0f, 0xff, 0xf0, 0x07, 0xff, 0xe0, 0x00, 
	0x00, 0x00, 0x00, 0x00, 0x00, 0x00, 0x00, 0x00
};
// 'split_scene_right_24dp_E3E3E3_FILL0_wght400_GRAD0_opsz24', 24x24px
const unsigned char epd_bitmap_split_scene_right_24dp_E3E3E3_FILL0_wght400_GRAD0_opsz24 [] PROGMEM = {
	0x00, 0x00, 0x00, 0x00, 0x00, 0x00, 0x00, 0x18, 0x00, 0x00, 0x18, 0x00, 0x0f, 0x9f, 0xf0, 0x1f, 
	0x9f, 0xf8, 0x18, 0x1f, 0xf8, 0x18, 0x1f, 0xf8, 0x18, 0x1f, 0xf8, 0x18, 0x1f, 0xf8, 0x18, 0x1f, 
	0xf8, 0x18, 0x1f, 0xf8, 0x18, 0x1f, 0xf8, 0x18, 0x1f, 0xf8, 0x18, 0x1f, 0xf8, 0x18, 0x1f, 0xf8, 
	0x18, 0x1f, 0xf8, 0x18, 0x1f, 0xf8, 0x1f, 0x9f, 0xf8, 0x0f, 0x9f, 0xf0, 0x00, 0x18, 0x00, 0x00, 
	0x18, 0x00, 0x00, 0x00, 0x00, 0x00, 0x00, 0x00
};
// 'nest_clock_farsight_digital_24dp_E3E3E3_FILL0_wght400_GRAD0_opsz24', 24x24px
const unsigned char epd_bitmap_nest_clock_farsight_digital_24dp_E3E3E3_FILL0_wght400_GRAD0_opsz24 [] PROGMEM = {
	0x00, 0x00, 0x00, 0x00, 0x00, 0x00, 0x00, 0x7e, 0x00, 0x01, 0xff, 0x80, 0x07, 0x81, 0xe0, 0x0e, 
	0x00, 0x70, 0x0c, 0x00, 0x30, 0x18, 0x00, 0x18, 0x18, 0x00, 0x18, 0x30, 0x00, 0x0c, 0x32, 0xc6, 
	0x0c, 0x30, 0x12, 0x8c, 0x30, 0x42, 0x0c, 0x30, 0xd6, 0xcc, 0x30, 0x00, 0x0c, 0x18, 0x00, 0x18, 
	0x18, 0x00, 0x18, 0x0c, 0x00, 0x30, 0x0e, 0x00, 0x70, 0x03, 0x81, 0xe0, 0x01, 0xff, 0x80, 0x00, 
	0x7e, 0x00, 0x00, 0x00, 0x00, 0x00, 0x00, 0x00
};
// 'bluetooth_disabled_24dp_E3E3E3_FILL0_wght400_GRAD0_opsz24', 24x24px
const unsigned char epd_bitmap_bluetooth_disabled_24dp_E3E3E3_FILL0_wght400_GRAD0_opsz24 [] PROGMEM = {
	0x00, 0x00, 0x00, 0x00, 0x00, 0x00, 0x00, 0x10, 0x00, 0x20, 0x18, 0x00, 0x30, 0x1c, 0x00, 0x18, 
	0x1e, 0x00, 0x0c, 0x1b, 0x00, 0x06, 0x19, 0x80, 0x03, 0x1b, 0x80, 0x01, 0x8f, 0x00, 0x00, 0xc6, 
	0x00, 0x00, 0x60, 0x00, 0x00, 0x30, 0x00, 0x00, 0x78, 0x00, 0x00, 0xfc, 0x00, 0x01, 0xde, 0x00, 
	0x03, 0x9b, 0x00, 0x07, 0x1b, 0x80, 0x02, 0x1e, 0xc0, 0x00, 0x1c, 0x60, 0x00, 0x18, 0x30, 0x00, 
	0x10, 0x18, 0x00, 0x00, 0x00, 0x00, 0x00, 0x00
};
// 'bluetooth_connected_24dp_E3E3E3_FILL0_wght400_GRAD0_opsz24', 24x24px
const unsigned char epd_bitmap_bluetooth_connected_24dp_E3E3E3_FILL0_wght400_GRAD0_opsz24 [] PROGMEM = {
	0x00, 0x00, 0x00, 0x00, 0x00, 0x00, 0x00, 0x10, 0x00, 0x00, 0x18, 0x00, 0x00, 0x1c, 0x00, 0x02, 
	0x1e, 0x00, 0x07, 0x1b, 0x00, 0x03, 0x99, 0x80, 0x01, 0xdb, 0x80, 0x00, 0xff, 0x00, 0x00, 0x7e, 
	0x00, 0x0c, 0x3c, 0x30, 0x0c, 0x3c, 0x30, 0x00, 0x7e, 0x00, 0x00, 0xff, 0x00, 0x01, 0xdb, 0x80, 
	0x03, 0x99, 0x80, 0x07, 0x1b, 0x00, 0x02, 0x1e, 0x00, 0x00, 0x1c, 0x00, 0x00, 0x18, 0x00, 0x00, 
	0x10, 0x00, 0x00, 0x00, 0x00, 0x00, 0x00, 0x00
};
// 'bluetooth_24dp_E3E3E3_FILL0_wght400_GRAD0_opsz24', 24x24px
const unsigned char epd_bitmap_bluetooth_24dp_E3E3E3_FILL0_wght400_GRAD0_opsz24 [] PROGMEM = {
	0x00, 0x00, 0x00, 0x00, 0x00, 0x00, 0x00, 0x10, 0x00, 0x00, 0x18, 0x00, 0x00, 0x1c, 0x00, 0x02, 
	0x1e, 0x00, 0x07, 0x1b, 0x00, 0x03, 0x99, 0x80, 0x01, 0xdb, 0x80, 0x00, 0xff, 0x00, 0x00, 0x7e, 
	0x00, 0x00, 0x3c, 0x00, 0x00, 0x3c, 0x00, 0x00, 0x7e, 0x00, 0x00, 0xff, 0x00, 0x01, 0xdb, 0x80, 
	0x03, 0x99, 0x80, 0x07, 0x1b, 0x00, 0x02, 0x1e, 0x00, 0x00, 0x1c, 0x00, 0x00, 0x18, 0x00, 0x00, 
	0x10, 0x00, 0x00, 0x00, 0x00, 0x00, 0x00, 0x00
};
// '4g_plus_mobiledata_24dp_E3E3E3_FILL0_wght400_GRAD0_opsz24', 24x24px
const unsigned char epd_bitmap_4g_plus_mobiledata_24dp_E3E3E3_FILL0_wght400_GRAD0_opsz24 [] PROGMEM = {
	0x00, 0x00, 0x00, 0x00, 0x00, 0x00, 0x00, 0x00, 0x00, 0x00, 0x00, 0x00, 0x00, 0x00, 0x00, 0x00, 
	0x00, 0x00, 0x00, 0x00, 0x00, 0x66, 0x3f, 0x00, 0x66, 0x7f, 0x80, 0x66, 0x60, 0x0c, 0x66, 0x60, 
	0x0c, 0x66, 0x67, 0xbf, 0x7f, 0x67, 0xbf, 0x7f, 0x61, 0x8c, 0x06, 0x61, 0x8c, 0x06, 0x7f, 0x80, 
	0x06, 0x3f, 0x00, 0x00, 0x00, 0x00, 0x00, 0x00, 0x00, 0x00, 0x00, 0x00, 0x00, 0x00, 0x00, 0x00, 
	0x00, 0x00, 0x00, 0x00, 0x00, 0x00, 0x00, 0x00
};
// 'wifi_add_24dp_E3E3E3_FILL0_wght400_GRAD0_opsz24', 24x24px
const unsigned char epd_bitmap_wifi_add_24dp_E3E3E3_FILL0_wght400_GRAD0_opsz24 [] PROGMEM = {
	0x00, 0x00, 0x00, 0x00, 0x00, 0x00, 0x00, 0x00, 0x00, 0x00, 0x00, 0x00, 0x00, 0xff, 0x00, 0x07, 
	0xff, 0xe0, 0x1f, 0x00, 0xf8, 0x38, 0x00, 0x1c, 0x70, 0x00, 0x0e, 0x60, 0x00, 0x06, 0x30, 0x00, 
	0x0c, 0x18, 0x00, 0x08, 0x0c, 0x00, 0x00, 0x06, 0x00, 0x30, 0x03, 0x00, 0x30, 0x01, 0x80, 0x30, 
	0x00, 0xc1, 0xfe, 0x00, 0x61, 0xfe, 0x00, 0x3c, 0x30, 0x00, 0x18, 0x30, 0x00, 0x00, 0x30, 0x00, 
	0x00, 0x00, 0x00, 0x00, 0x00, 0x00, 0x00, 0x00
};
// 'wifi_2_bar_24dp_E3E3E3_FILL0_wght400_GRAD0_opsz24', 24x24px
const unsigned char epd_bitmap_wifi_2_bar_24dp_E3E3E3_FILL0_wght400_GRAD0_opsz24 [] PROGMEM = {
	0x00, 0x00, 0x00, 0x00, 0x00, 0x00, 0x00, 0x00, 0x00, 0x00, 0x00, 0x00, 0x00, 0x00, 0x00, 0x00, 
	0x00, 0x00, 0x00, 0x00, 0x00, 0x00, 0x00, 0x00, 0x00, 0x00, 0x00, 0x00, 0x00, 0x00, 0x00, 0x7e, 
	0x00, 0x01, 0xff, 0x80, 0x07, 0xff, 0xe0, 0x07, 0x81, 0xe0, 0x02, 0x00, 0x40, 0x00, 0x00, 0x00, 
	0x00, 0x18, 0x00, 0x00, 0x3c, 0x00, 0x00, 0x3c, 0x00, 0x00, 0x3c, 0x00, 0x00, 0x18, 0x00, 0x00, 
	0x00, 0x00, 0x00, 0x00, 0x00, 0x00, 0x00, 0x00
};
// 'wifi_1_bar_24dp_E3E3E3_FILL0_wght400_GRAD0_opsz24', 24x24px
const unsigned char epd_bitmap_wifi_1_bar_24dp_E3E3E3_FILL0_wght400_GRAD0_opsz24 [] PROGMEM = {
	0x00, 0x00, 0x00, 0x00, 0x00, 0x00, 0x00, 0x00, 0x00, 0x00, 0x00, 0x00, 0x00, 0x00, 0x00, 0x00, 
	0x00, 0x00, 0x00, 0x00, 0x00, 0x00, 0x00, 0x00, 0x00, 0x00, 0x00, 0x00, 0x00, 0x00, 0x00, 0x00, 
	0x00, 0x00, 0x00, 0x00, 0x00, 0x00, 0x00, 0x00, 0x00, 0x00, 0x00, 0x00, 0x00, 0x00, 0x00, 0x00, 
	0x00, 0x18, 0x00, 0x00, 0x3c, 0x00, 0x00, 0x3c, 0x00, 0x00, 0x3c, 0x00, 0x00, 0x18, 0x00, 0x00, 
	0x00, 0x00, 0x00, 0x00, 0x00, 0x00, 0x00, 0x00
};
// 'wifi_24dp_E3E3E3_FILL0_wght400_GRAD0_opsz24', 24x24px
const unsigned char epd_bitmap_wifi_24dp_E3E3E3_FILL0_wght400_GRAD0_opsz24 [] PROGMEM = {
	0x00, 0x00, 0x00, 0x00, 0x00, 0x00, 0x00, 0x00, 0x00, 0x00, 0x00, 0x00, 0x00, 0xff, 0x00, 0x07, 
	0xff, 0xe0, 0x1f, 0xff, 0xf8, 0x3f, 0x00, 0xfc, 0x7c, 0x00, 0x3e, 0x70, 0x00, 0x0e, 0x20, 0x7e, 
	0x04, 0x01, 0xff, 0x80, 0x07, 0xff, 0xe0, 0x07, 0x81, 0xe0, 0x02, 0x00, 0x40, 0x00, 0x00, 0x00, 
	0x00, 0x18, 0x00, 0x00, 0x3c, 0x00, 0x00, 0x3c, 0x00, 0x00, 0x3c, 0x00, 0x00, 0x18, 0x00, 0x00, 
	0x00, 0x00, 0x00, 0x00, 0x00, 0x00, 0x00, 0x00
};
// 'attach_money_24dp_E3E3E3_FILL0_wght400_GRAD0_opsz24', 24x24px
const unsigned char epd_bitmap_attach_money_24dp_E3E3E3_FILL0_wght400_GRAD0_opsz24 [] PROGMEM = {
	0x00, 0x00, 0x00, 0x00, 0x00, 0x00, 0x00, 0x00, 0x00, 0x00, 0x18, 0x00, 0x00, 0x18, 0x00, 0x00, 
	0x3c, 0x00, 0x00, 0x7e, 0x00, 0x00, 0xc3, 0x00, 0x00, 0xc0, 0x00, 0x00, 0xc0, 0x00, 0x00, 0xf0, 
	0x00, 0x00, 0x7c, 0x00, 0x00, 0x0f, 0x00, 0x00, 0x03, 0x00, 0x00, 0x01, 0x80, 0x01, 0xc1, 0x80, 
	0x00, 0xc3, 0x00, 0x00, 0x7f, 0x00, 0x00, 0x3c, 0x00, 0x00, 0x18, 0x00, 0x00, 0x18, 0x00, 0x00, 
	0x00, 0x00, 0x00, 0x00, 0x00, 0x00, 0x00, 0x00
};
// 'database_24dp_E3E3E3_FILL0_wght400_GRAD0_opsz24', 24x24px
const unsigned char epd_bitmap_database_24dp_E3E3E3_FILL0_wght400_GRAD0_opsz24 [] PROGMEM = {
	0x00, 0x00, 0x00, 0x00, 0x00, 0x00, 0x00, 0x00, 0x00, 0x00, 0xff, 0x00, 0x07, 0xff, 0xe0, 0x0f, 
	0x00, 0xf0, 0x18, 0x00, 0x18, 0x18, 0x00, 0x18, 0x1f, 0x00, 0xf8, 0x1f, 0xff, 0xf8, 0x18, 0xff, 
	0x18, 0x18, 0x00, 0x18, 0x18, 0x00, 0x18, 0x1e, 0x00, 0xf8, 0x1f, 0xff, 0xf8, 0x18, 0xff, 0x18, 
	0x18, 0x00, 0x18, 0x18, 0x00, 0x18, 0x0f, 0x00, 0xf0, 0x07, 0xff, 0xe0, 0x00, 0xff, 0x00, 0x00, 
	0x00, 0x00, 0x00, 0x00, 0x00, 0x00, 0x00, 0x00
};
// 'hdr_on_24dp_E3E3E3_FILL0_wght400_GRAD0_opsz24', 24x24px
const unsigned char epd_bitmap_hdr_on_24dp_E3E3E3_FILL0_wght400_GRAD0_opsz24 [] PROGMEM = {
	0x00, 0x00, 0x00, 0x00, 0x00, 0x00, 0x00, 0x00, 0x00, 0x00, 0x00, 0x00, 0x00, 0x00, 0x00, 0x00, 
	0x00, 0x00, 0x00, 0x00, 0x00, 0x00, 0x00, 0x00, 0x00, 0x00, 0x00, 0x11, 0x3c, 0xf8, 0x11, 0x24, 
	0xd8, 0x1f, 0x24, 0xd8, 0x1b, 0x24, 0xf8, 0x11, 0x24, 0x90, 0x11, 0x3c, 0x98, 0x00, 0x00, 0x00, 
	0x00, 0x00, 0x00, 0x00, 0x00, 0x00, 0x00, 0x00, 0x00, 0x00, 0x00, 0x00, 0x00, 0x00, 0x00, 0x00, 
	0x00, 0x00, 0x00, 0x00, 0x00, 0x00, 0x00, 0x00
};
// 'vrpano_24dp_E3E3E3_FILL0_wght400_GRAD0_opsz24', 24x24px
const unsigned char epd_bitmap_vrpano_24dp_E3E3E3_FILL0_wght400_GRAD0_opsz24 [] PROGMEM = {
	0x00, 0x00, 0x00, 0x00, 0x00, 0x00, 0x00, 0x00, 0x00, 0x00, 0x00, 0x00, 0x38, 0x00, 0x1c, 0x3f, 
	0xe7, 0xfc, 0x37, 0xff, 0xec, 0x30, 0x00, 0x0c, 0x30, 0x00, 0x0c, 0x30, 0x00, 0x0c, 0x30, 0x00, 
	0x0c, 0x30, 0x46, 0x0c, 0x30, 0xcf, 0x0c, 0x31, 0xff, 0x8c, 0x33, 0xff, 0xcc, 0x30, 0x00, 0x0c, 
	0x30, 0x00, 0x0c, 0x37, 0xff, 0xec, 0x3f, 0xe7, 0xfc, 0x38, 0x00, 0x1c, 0x00, 0x00, 0x00, 0x00, 
	0x00, 0x00, 0x00, 0x00, 0x00, 0x00, 0x00, 0x00
};
// 'flip_camera_ios_24dp_E3E3E3_FILL0_wght400_GRAD0_opsz24', 24x24px
const unsigned char epd_bitmap_flip_camera_ios_24dp_E3E3E3_FILL0_wght400_GRAD0_opsz24 [] PROGMEM = {
	0x00, 0x00, 0x00, 0x00, 0x00, 0x00, 0x00, 0x00, 0x00, 0x00, 0x7e, 0x00, 0x00, 0xff, 0x00, 0x1f, 
	0x81, 0xf8, 0x3f, 0x00, 0xfc, 0x30, 0x00, 0x0c, 0x30, 0x3c, 0x0c, 0x30, 0xf8, 0x0c, 0x30, 0xc0, 
	0x0c, 0x31, 0x81, 0x8c, 0x33, 0xc3, 0xcc, 0x33, 0xc3, 0xcc, 0x31, 0x81, 0x8c, 0x30, 0x03, 0x0c, 
	0x30, 0x1f, 0x0c, 0x30, 0x3c, 0x0c, 0x30, 0x00, 0x0c, 0x3f, 0xff, 0xfc, 0x1f, 0xff, 0xf8, 0x00, 
	0x00, 0x00, 0x00, 0x00, 0x00, 0x00, 0x00, 0x00
};
// 'brightness_5_24dp_E3E3E3_FILL0_wght400_GRAD0_opsz24', 24x24px
const unsigned char epd_bitmap_brightness_5_24dp_E3E3E3_FILL0_wght400_GRAD0_opsz24 [] PROGMEM = {
	0x00, 0x00, 0x00, 0x00, 0x18, 0x00, 0x00, 0x3c, 0x00, 0x00, 0x7e, 0x00, 0x0f, 0xe7, 0xf0, 0x0f, 
	0xc3, 0xf0, 0x0c, 0x00, 0x30, 0x0c, 0x3c, 0x30, 0x0c, 0xfe, 0x30, 0x1c, 0xc3, 0x38, 0x39, 0x81, 
	0x9c, 0x71, 0x81, 0x8e, 0x71, 0x81, 0x8e, 0x39, 0x81, 0x9c, 0x1c, 0xc3, 0x38, 0x0c, 0x7f, 0x30, 
	0x0c, 0x3c, 0x30, 0x0c, 0x00, 0x30, 0x0f, 0xc3, 0xf0, 0x0f, 0xe7, 0xf0, 0x00, 0x7e, 0x00, 0x00, 
	0x3c, 0x00, 0x00, 0x18, 0x00, 0x00, 0x00, 0x00
};
// 'photo_24dp_E3E3E3_FILL0_wght400_GRAD0_opsz24', 24x24px
const unsigned char epd_bitmap_photo_24dp_E3E3E3_FILL0_wght400_GRAD0_opsz24 [] PROGMEM = {
	0x00, 0x00, 0x00, 0x00, 0x00, 0x00, 0x00, 0x00, 0x00, 0x0f, 0xff, 0xf0, 0x1f, 0xff, 0xf8, 0x18, 
	0x00, 0x18, 0x18, 0x00, 0x18, 0x18, 0x00, 0x18, 0x18, 0x00, 0x18, 0x18, 0x00, 0x18, 0x18, 0x00, 
	0x18, 0x18, 0x00, 0x18, 0x18, 0x02, 0x18, 0x18, 0x06, 0x18, 0x18, 0xcf, 0x18, 0x19, 0xef, 0x98, 
	0x1b, 0xff, 0xd8, 0x18, 0x00, 0x18, 0x18, 0x00, 0x18, 0x1f, 0xff, 0xf8, 0x0f, 0xff, 0xf0, 0x00, 
	0x00, 0x00, 0x00, 0x00, 0x00, 0x00, 0x00, 0x00
};
// 'wb_sunny_24dp_E3E3E3_FILL0_wght400_GRAD0_opsz24', 24x24px
const unsigned char epd_bitmap_wb_sunny_24dp_E3E3E3_FILL0_wght400_GRAD0_opsz24 [] PROGMEM = {
	0x00, 0x00, 0x00, 0x00, 0x18, 0x00, 0x00, 0x18, 0x00, 0x00, 0x18, 0x00, 0x0c, 0x00, 0x30, 0x0c, 
	0x00, 0x30, 0x00, 0x3c, 0x00, 0x00, 0xff, 0x00, 0x01, 0xc3, 0x80, 0x01, 0x81, 0x80, 0x03, 0x00, 
	0xc0, 0x73, 0x00, 0xce, 0x73, 0x00, 0xce, 0x03, 0x00, 0xc0, 0x01, 0x81, 0x80, 0x01, 0xc3, 0x80, 
	0x00, 0xff, 0x00, 0x00, 0x3c, 0x00, 0x0c, 0x00, 0x30, 0x0c, 0x00, 0x30, 0x00, 0x18, 0x00, 0x00, 
	0x18, 0x00, 0x00, 0x18, 0x00, 0x00, 0x00, 0x00
};
// 'camera_24dp_E3E3E3_FILL0_wght400_GRAD0_opsz24', 24x24px
const unsigned char epd_bitmap_camera_24dp_E3E3E3_FILL0_wght400_GRAD0_opsz24 [] PROGMEM = {
	0x00, 0x00, 0x00, 0x00, 0x00, 0x00, 0x00, 0x7e, 0x00, 0x01, 0xff, 0x80, 0x03, 0x85, 0xc0, 0x06, 
	0x08, 0x60, 0x0c, 0x08, 0x30, 0x1a, 0x10, 0x18, 0x19, 0x10, 0x18, 0x31, 0x3f, 0xfc, 0x30, 0xfe, 
	0x0c, 0x30, 0xfe, 0x0c, 0x30, 0x7f, 0x0c, 0x30, 0x7f, 0x0c, 0x3f, 0xfc, 0x8c, 0x18, 0x08, 0x98, 
	0x18, 0x08, 0x58, 0x0c, 0x10, 0x30, 0x06, 0x10, 0x60, 0x03, 0xa1, 0xc0, 0x01, 0xff, 0x80, 0x00, 
	0x7e, 0x00, 0x00, 0x00, 0x00, 0x00, 0x00, 0x00
};
// 'flash_on_24dp_E3E3E3_FILL0_wght400_GRAD0_opsz24', 24x24px
const unsigned char epd_bitmap_flash_on_24dp_E3E3E3_FILL0_wght400_GRAD0_opsz24 [] PROGMEM = {
	0x00, 0x00, 0x00, 0x00, 0x00, 0x00, 0x01, 0xff, 0x80, 0x01, 0xff, 0x80, 0x01, 0x83, 0x00, 0x01, 
	0x83, 0x00, 0x01, 0x83, 0x00, 0x01, 0x86, 0x00, 0x01, 0x86, 0x00, 0x01, 0x87, 0xe0, 0x01, 0x87, 
	0xc0, 0x01, 0x81, 0x80, 0x01, 0xf3, 0x80, 0x01, 0xf3, 0x00, 0x00, 0x36, 0x00, 0x00, 0x3c, 0x00, 
	0x00, 0x3c, 0x00, 0x00, 0x38, 0x00, 0x00, 0x30, 0x00, 0x00, 0x30, 0x00, 0x00, 0x20, 0x00, 0x00, 
	0x00, 0x00, 0x00, 0x00, 0x00, 0x00, 0x00, 0x00
};
// 'add_photo_alternate_24dp_E3E3E3_FILL0_wght400_GRAD0_opsz24', 24x24px
const unsigned char epd_bitmap_add_photo_alternate_24dp_E3E3E3_FILL0_wght400_GRAD0_opsz24 [] PROGMEM = {
	0x00, 0x00, 0x00, 0x00, 0x00, 0x00, 0x00, 0x00, 0x00, 0x0f, 0xf8, 0x60, 0x1f, 0xf8, 0x60, 0x18, 
	0x01, 0xf8, 0x18, 0x01, 0xf8, 0x18, 0x00, 0x60, 0x18, 0x00, 0x60, 0x18, 0x00, 0x00, 0x18, 0x00, 
	0x00, 0x18, 0x00, 0x18, 0x18, 0x02, 0x18, 0x18, 0x06, 0x18, 0x18, 0xcf, 0x18, 0x19, 0xef, 0x98, 
	0x1b, 0xff, 0xd8, 0x18, 0x00, 0x18, 0x18, 0x00, 0x18, 0x1f, 0xff, 0xf8, 0x0f, 0xff, 0xf0, 0x00, 
	0x00, 0x00, 0x00, 0x00, 0x00, 0x00, 0x00, 0x00
};
// 'photo_library_24dp_E3E3E3_FILL0_wght400_GRAD0_opsz24', 24x24px
const unsigned char epd_bitmap_photo_library_24dp_E3E3E3_FILL0_wght400_GRAD0_opsz24 [] PROGMEM = {
	0x00, 0x00, 0x00, 0x00, 0x00, 0x00, 0x01, 0xff, 0xf8, 0x03, 0xff, 0xfc, 0x03, 0x00, 0x0c, 0x03, 
	0x00, 0x0c, 0x33, 0x00, 0x0c, 0x33, 0x00, 0x0c, 0x33, 0x00, 0x0c, 0x33, 0x00, 0x0c, 0x33, 0x01, 
	0x0c, 0x33, 0x13, 0x8c, 0x33, 0x3f, 0xcc, 0x33, 0x7f, 0xec, 0x33, 0x00, 0x0c, 0x33, 0x00, 0x0c, 
	0x33, 0xff, 0xfc, 0x31, 0xff, 0xf8, 0x30, 0x00, 0x00, 0x30, 0x00, 0x00, 0x3f, 0xff, 0xc0, 0x1f, 
	0xff, 0xc0, 0x00, 0x00, 0x00, 0x00, 0x00, 0x00
};
// 'add_a_photo_24dp_E3E3E3_FILL0_wght400_GRAD0_opsz24', 24x24px
const unsigned char epd_bitmap_add_a_photo_24dp_E3E3E3_FILL0_wght400_GRAD0_opsz24 [] PROGMEM = {
	0x00, 0x00, 0x00, 0x00, 0x00, 0x18, 0x00, 0x00, 0x18, 0x00, 0xfc, 0x7e, 0x01, 0xfc, 0x7e, 0x3f, 
	0x00, 0x18, 0x7e, 0x00, 0x18, 0x60, 0x00, 0x00, 0x60, 0x00, 0x00, 0x60, 0xfc, 0x00, 0x61, 0xfe, 
	0x18, 0x61, 0x86, 0x18, 0x61, 0x86, 0x18, 0x61, 0x86, 0x18, 0x61, 0x86, 0x18, 0x61, 0xfe, 0x18, 
	0x60, 0xfc, 0x18, 0x60, 0x00, 0x18, 0x60, 0x00, 0x18, 0x7f, 0xff, 0xf8, 0x3f, 0xff, 0xf0, 0x00, 
	0x00, 0x00, 0x00, 0x00, 0x00, 0x00, 0x00, 0x00
};
// 'palette_24dp_E3E3E3_FILL0_wght400_GRAD0_opsz24', 24x24px
const unsigned char epd_bitmap_palette_24dp_E3E3E3_FILL0_wght400_GRAD0_opsz24 [] PROGMEM = {
	0x00, 0x00, 0x00, 0x00, 0x00, 0x00, 0x00, 0x7e, 0x00, 0x01, 0xff, 0xc0, 0x03, 0x81, 0xe0, 0x06, 
	0x00, 0x70, 0x0c, 0xe7, 0x38, 0x18, 0xe7, 0x18, 0x18, 0xe7, 0x0c, 0x30, 0x00, 0x0c, 0x37, 0x00, 
	0xec, 0x37, 0x00, 0xec, 0x37, 0x00, 0xec, 0x30, 0x00, 0x1c, 0x30, 0x00, 0x38, 0x18, 0x07, 0xf0, 
	0x18, 0x0f, 0xe0, 0x0c, 0x0c, 0x00, 0x06, 0x0c, 0x00, 0x03, 0x84, 0x00, 0x01, 0xfc, 0x00, 0x00, 
	0x7c, 0x00, 0x00, 0x00, 0x00, 0x00, 0x00, 0x00
};
// 'circle_24dp_E3E3E3_FILL0_wght400_GRAD0_opsz24', 24x24px
const unsigned char epd_bitmap_circle_24dp_E3E3E3_FILL0_wght400_GRAD0_opsz24 [] PROGMEM = {
	0x00, 0x00, 0x00, 0x00, 0x00, 0x00, 0x00, 0x7e, 0x00, 0x01, 0xff, 0x80, 0x07, 0x81, 0xe0, 0x0e, 
	0x00, 0x70, 0x0c, 0x00, 0x30, 0x18, 0x00, 0x18, 0x18, 0x00, 0x18, 0x30, 0x00, 0x0c, 0x30, 0x00, 
	0x0c, 0x30, 0x00, 0x0c, 0x30, 0x00, 0x0c, 0x30, 0x00, 0x0c, 0x30, 0x00, 0x0c, 0x18, 0x00, 0x18, 
	0x18, 0x00, 0x18, 0x0c, 0x00, 0x30, 0x0e, 0x00, 0x70, 0x03, 0x81, 0xe0, 0x01, 0xff, 0x80, 0x00, 
	0x7e, 0x00, 0x00, 0x00, 0x00, 0x00, 0x00, 0x00
};
// 'timer_24dp_E3E3E3_FILL0_wght400_GRAD0_opsz24', 24x24px
const unsigned char epd_bitmap_timer_24dp_E3E3E3_FILL0_wght400_GRAD0_opsz24 [] PROGMEM = {
	0x00, 0x00, 0x00, 0x00, 0x7e, 0x00, 0x00, 0x7e, 0x00, 0x00, 0x00, 0x00, 0x00, 0x7e, 0x00, 0x01, 
	0xff, 0xb0, 0x03, 0x81, 0xf0, 0x07, 0x00, 0xe0, 0x0e, 0x18, 0x70, 0x0c, 0x18, 0x30, 0x18, 0x18, 
	0x18, 0x18, 0x18, 0x18, 0x18, 0x18, 0x18, 0x18, 0x18, 0x18, 0x18, 0x00, 0x18, 0x18, 0x00, 0x18, 
	0x0c, 0x00, 0x30, 0x0e, 0x00, 0x70, 0x07, 0x00, 0xe0, 0x03, 0x81, 0xc0, 0x01, 0xff, 0x80, 0x00, 
	0x7e, 0x00, 0x00, 0x00, 0x00, 0x00, 0x00, 0x00
};
// 'tune_24dp_E3E3E3_FILL0_wght400_GRAD0_opsz24', 24x24px
const unsigned char epd_bitmap_tune_24dp_E3E3E3_FILL0_wght400_GRAD0_opsz24 [] PROGMEM = {
	0x00, 0x00, 0x00, 0x00, 0x00, 0x00, 0x00, 0x00, 0x00, 0x00, 0x01, 0x80, 0x00, 0x01, 0x80, 0x1f, 
	0xf9, 0xf8, 0x1f, 0xf9, 0xf8, 0x00, 0x01, 0x80, 0x00, 0x01, 0x80, 0x01, 0x80, 0x00, 0x01, 0x80, 
	0x00, 0x1f, 0x9f, 0xf8, 0x1f, 0x9f, 0xf8, 0x01, 0x80, 0x00, 0x01, 0x80, 0x00, 0x00, 0x18, 0x00, 
	0x00, 0x18, 0x00, 0x1f, 0x9f, 0xf8, 0x1f, 0x9f, 0xf8, 0x00, 0x18, 0x00, 0x00, 0x18, 0x00, 0x00, 
	0x00, 0x00, 0x00, 0x00, 0x00, 0x00, 0x00, 0x00
};
// 'image_24dp_E3E3E3_FILL0_wght400_GRAD0_opsz24', 24x24px
const unsigned char epd_bitmap_image_24dp_E3E3E3_FILL0_wght400_GRAD0_opsz24 [] PROGMEM = {
	0x00, 0x00, 0x00, 0x00, 0x00, 0x00, 0x00, 0x00, 0x00, 0x0f, 0xff, 0xf0, 0x1f, 0xff, 0xf8, 0x18, 
	0x00, 0x18, 0x18, 0x00, 0x18, 0x18, 0x00, 0x18, 0x18, 0x00, 0x18, 0x18, 0x00, 0x18, 0x18, 0x00, 
	0x18, 0x18, 0x00, 0x18, 0x18, 0x02, 0x18, 0x18, 0x06, 0x18, 0x18, 0xcf, 0x18, 0x19, 0xef, 0x98, 
	0x1b, 0xff, 0xd8, 0x18, 0x00, 0x18, 0x18, 0x00, 0x18, 0x1f, 0xff, 0xf8, 0x0f, 0xff, 0xf0, 0x00, 
	0x00, 0x00, 0x00, 0x00, 0x00, 0x00, 0x00, 0x00
};
// 'photo_camera_24dp_E3E3E3_FILL0_wght400_GRAD0_opsz24', 24x24px
const unsigned char epd_bitmap_photo_camera_24dp_E3E3E3_FILL0_wght400_GRAD0_opsz24 [] PROGMEM = {
	0x00, 0x00, 0x00, 0x00, 0x00, 0x00, 0x00, 0x00, 0x00, 0x00, 0x7e, 0x00, 0x00, 0xff, 0x00, 0x1f, 
	0x81, 0xf8, 0x3f, 0x00, 0xfc, 0x30, 0x00, 0x0c, 0x30, 0x00, 0x0c, 0x30, 0x7e, 0x0c, 0x30, 0xff, 
	0x0c, 0x30, 0xc3, 0x0c, 0x30, 0xc3, 0x0c, 0x30, 0xc3, 0x0c, 0x30, 0xc3, 0x0c, 0x30, 0xff, 0x0c, 
	0x30, 0x7e, 0x0c, 0x30, 0x00, 0x0c, 0x30, 0x00, 0x0c, 0x3f, 0xff, 0xfc, 0x1f, 0xff, 0xf8, 0x00, 
	0x00, 0x00, 0x00, 0x00, 0x00, 0x00, 0x00, 0x00
};
// 'edit_24dp_E3E3E3_FILL0_wght400_GRAD0_opsz24', 24x24px
const unsigned char epd_bitmap_edit_24dp_E3E3E3_FILL0_wght400_GRAD0_opsz24 [] PROGMEM = {
	0x00, 0x00, 0x00, 0x00, 0x00, 0x00, 0x00, 0x00, 0x00, 0x00, 0x00, 0xe0, 0x00, 0x01, 0xf0, 0x00, 
	0x03, 0xf8, 0x00, 0x07, 0xf8, 0x00, 0x0f, 0xf8, 0x00, 0x1c, 0xf0, 0x00, 0x38, 0xe0, 0x00, 0x71, 
	0xc0, 0x00, 0xe3, 0x80, 0x01, 0xc7, 0x00, 0x03, 0x8e, 0x00, 0x07, 0x1c, 0x00, 0x0e, 0x38, 0x00, 
	0x1c, 0x70, 0x00, 0x18, 0xe0, 0x00, 0x19, 0xc0, 0x00, 0x1f, 0x80, 0x00, 0x1f, 0x00, 0x00, 0x00, 
	0x00, 0x00, 0x00, 0x00, 0x00, 0x00, 0x00, 0x00
};
// 'g_translate_24dp_E3E3E3_FILL0_wght400_GRAD0_opsz24', 24x24px
const unsigned char epd_bitmap_g_translate_24dp_E3E3E3_FILL0_wght400_GRAD0_opsz24 [] PROGMEM = {
	0x00, 0x00, 0x00, 0x00, 0x00, 0x00, 0x1f, 0xc0, 0x00, 0x3f, 0xc0, 0x00, 0x3f, 0xe0, 0x00, 0x3f, 
	0xff, 0xf8, 0x3c, 0xe0, 0x04, 0x30, 0x30, 0x04, 0x33, 0x70, 0x04, 0x27, 0xf2, 0x04, 0x26, 0x1f, 
	0xe4, 0x27, 0x98, 0x44, 0x33, 0x1c, 0x84, 0x30, 0x3b, 0x84, 0x3c, 0xff, 0x04, 0x3f, 0xff, 0x84, 
	0x3f, 0xfc, 0xc4, 0x3f, 0xfe, 0x44, 0x1f, 0xfe, 0x04, 0x00, 0x1c, 0x04, 0x00, 0x08, 0x04, 0x00, 
	0x0f, 0xf8, 0x00, 0x00, 0x00, 0x00, 0x00, 0x00
};
// 'mark_email_unread_24dp_E3E3E3_FILL0_wght400_GRAD0_opsz24', 24x24px
const unsigned char epd_bitmap_mark_email_unread_24dp_E3E3E3_FILL0_wght400_GRAD0_opsz24 [] PROGMEM = {
	0x00, 0x00, 0x00, 0x00, 0x00, 0x00, 0x00, 0x00, 0x38, 0x00, 0x00, 0x7c, 0x1f, 0xfc, 0xfc, 0x3f, 
	0xfc, 0xfc, 0x38, 0x00, 0xfc, 0x3c, 0x00, 0x70, 0x37, 0x00, 0x00, 0x33, 0xc3, 0x84, 0x30, 0xe7, 
	0x0c, 0x30, 0x3c, 0x0c, 0x30, 0x18, 0x0c, 0x30, 0x00, 0x0c, 0x30, 0x00, 0x0c, 0x30, 0x00, 0x0c, 
	0x30, 0x00, 0x0c, 0x30, 0x00, 0x0c, 0x3f, 0xff, 0xfc, 0x1f, 0xff, 0xf8, 0x00, 0x00, 0x00, 0x00, 
	0x00, 0x00, 0x00, 0x00, 0x00, 0x00, 0x00, 0x00
};
// 'notifications_active_24dp_E3E3E3_FILL0_wght400_GRAD0_opsz24', 24x24px
const unsigned char epd_bitmap_notifications_active_24dp_E3E3E3_FILL0_wght400_GRAD0_opsz24 [] PROGMEM = {
	0x00, 0x00, 0x00, 0x00, 0x00, 0x00, 0x04, 0x18, 0x20, 0x0e, 0x18, 0x70, 0x0c, 0x3c, 0x30, 0x18, 
	0xff, 0x18, 0x19, 0xc3, 0x98, 0x31, 0x81, 0x8c, 0x33, 0x00, 0xcc, 0x33, 0x00, 0xcc, 0x03, 0x00, 
	0xc0, 0x03, 0x00, 0xc0, 0x03, 0x00, 0xc0, 0x03, 0x00, 0xc0, 0x03, 0x00, 0xc0, 0x03, 0x00, 0xc0, 
	0x03, 0x00, 0xc0, 0x0f, 0xff, 0xf0, 0x0f, 0xff, 0xf0, 0x00, 0x00, 0x00, 0x00, 0x3c, 0x00, 0x00, 
	0x18, 0x00, 0x00, 0x00, 0x00, 0x00, 0x00, 0x00
};
// 'contact_support_24dp_E3E3E3_FILL0_wght400_GRAD0_opsz24', 24x24px
const unsigned char epd_bitmap_contact_support_24dp_E3E3E3_FILL0_wght400_GRAD0_opsz24 [] PROGMEM = {
	0x00, 0x00, 0x00, 0x00, 0x00, 0x00, 0x00, 0x7c, 0x00, 0x01, 0xff, 0x00, 0x07, 0x83, 0x80, 0x06, 
	0x00, 0xc0, 0x0c, 0x38, 0x60, 0x0c, 0x6c, 0x60, 0x18, 0x04, 0x30, 0x18, 0x04, 0x30, 0x18, 0x08, 
	0x30, 0x18, 0x18, 0x30, 0x18, 0x10, 0x30, 0x0c, 0x00, 0x30, 0x0c, 0x10, 0x60, 0x06, 0x10, 0xe0, 
	0x03, 0x80, 0xc0, 0x01, 0xfd, 0xc0, 0x00, 0x7f, 0x80, 0x00, 0x0f, 0x00, 0x00, 0x0c, 0x00, 0x00, 
	0x08, 0x00, 0x00, 0x00, 0x00, 0x00, 0x00, 0x00
};
// 'chat_bubble_24dp_E3E3E3_FILL0_wght400_GRAD0_opsz24', 24x24px
const unsigned char epd_bitmap_chat_bubble_24dp_E3E3E3_FILL0_wght400_GRAD0_opsz24 [] PROGMEM = {
	0x00, 0x00, 0x00, 0x00, 0x00, 0x00, 0x1f, 0xff, 0xf8, 0x3f, 0xff, 0xfc, 0x30, 0x00, 0x0c, 0x30, 
	0x00, 0x0c, 0x30, 0x00, 0x0c, 0x30, 0x00, 0x0c, 0x30, 0x00, 0x0c, 0x30, 0x00, 0x0c, 0x30, 0x00, 
	0x0c, 0x30, 0x00, 0x0c, 0x30, 0x00, 0x0c, 0x30, 0x00, 0x0c, 0x30, 0x00, 0x0c, 0x30, 0x00, 0x0c, 
	0x37, 0xff, 0xfc, 0x3f, 0xff, 0xf8, 0x38, 0x00, 0x00, 0x30, 0x00, 0x00, 0x20, 0x00, 0x00, 0x00, 
	0x00, 0x00, 0x00, 0x00, 0x00, 0x00, 0x00, 0x00
};
// 'inventory_2_24dp_E3E3E3_FILL0_wght400_GRAD0_opsz24', 24x24px
const unsigned char epd_bitmap_inventory_2_24dp_E3E3E3_FILL0_wght400_GRAD0_opsz24 [] PROGMEM = {
	0x00, 0x00, 0x00, 0x00, 0x00, 0x00, 0x1f, 0xff, 0xf8, 0x3f, 0xff, 0xfc, 0x30, 0x00, 0x0c, 0x30, 
	0x00, 0x0c, 0x30, 0x00, 0x0c, 0x3f, 0xff, 0xfc, 0x1f, 0xff, 0xf8, 0x18, 0x00, 0x18, 0x18, 0x00, 
	0x18, 0x18, 0x00, 0x18, 0x18, 0x7e, 0x18, 0x18, 0x7e, 0x18, 0x18, 0x00, 0x18, 0x18, 0x00, 0x18, 
	0x18, 0x00, 0x18, 0x18, 0x00, 0x18, 0x18, 0x00, 0x18, 0x18, 0x00, 0x18, 0x1f, 0xff, 0xf8, 0x0f, 
	0xff, 0xf0, 0x00, 0x00, 0x00, 0x00, 0x00, 0x00
};
// 'forum_24dp_E3E3E3_FILL0_wght400_GRAD0_opsz24', 24x24px
const unsigned char epd_bitmap_forum_24dp_E3E3E3_FILL0_wght400_GRAD0_opsz24 [] PROGMEM = {
	0x00, 0x00, 0x00, 0x00, 0x00, 0x00, 0x1f, 0xff, 0x00, 0x3f, 0xff, 0x80, 0x30, 0x01, 0x80, 0x30, 
	0x01, 0x80, 0x30, 0x01, 0x98, 0x30, 0x01, 0x9c, 0x30, 0x01, 0x9c, 0x30, 0x01, 0x9c, 0x30, 0x01, 
	0x9c, 0x37, 0xff, 0x9c, 0x3f, 0xff, 0x1c, 0x38, 0x00, 0x1c, 0x30, 0x00, 0x3c, 0x23, 0xff, 0xfc, 
	0x03, 0xff, 0xfc, 0x01, 0xff, 0xfc, 0x00, 0x00, 0x1c, 0x00, 0x00, 0x0c, 0x00, 0x00, 0x04, 0x00, 
	0x00, 0x00, 0x00, 0x00, 0x00, 0x00, 0x00, 0x00
};
// 'link_24dp_E3E3E3_FILL0_wght400_GRAD0_opsz24', 24x24px
const unsigned char epd_bitmap_link_24dp_E3E3E3_FILL0_wght400_GRAD0_opsz24 [] PROGMEM = {
	0x00, 0x00, 0x00, 0x00, 0x00, 0x00, 0x00, 0x00, 0x00, 0x00, 0x00, 0x00, 0x00, 0x00, 0x00, 0x00, 
	0x00, 0x00, 0x00, 0x00, 0x00, 0x07, 0xe7, 0xe0, 0x1f, 0xe7, 0xf0, 0x18, 0x00, 0x18, 0x30, 0x00, 
	0x0c, 0x30, 0xff, 0x0c, 0x30, 0xff, 0x0c, 0x30, 0x00, 0x0c, 0x18, 0x00, 0x18, 0x0f, 0xe7, 0xf8, 
	0x07, 0xe7, 0xe0, 0x00, 0x00, 0x00, 0x00, 0x00, 0x00, 0x00, 0x00, 0x00, 0x00, 0x00, 0x00, 0x00, 
	0x00, 0x00, 0x00, 0x00, 0x00, 0x00, 0x00, 0x00
};
// 'send_24dp_E3E3E3_FILL0_wght400_GRAD0_opsz24', 24x24px
const unsigned char epd_bitmap_send_24dp_E3E3E3_FILL0_wght400_GRAD0_opsz24 [] PROGMEM = {
	0x00, 0x00, 0x00, 0x00, 0x00, 0x00, 0x00, 0x00, 0x00, 0x00, 0x00, 0x00, 0x10, 0x00, 0x00, 0x1c, 
	0x00, 0x00, 0x1f, 0x80, 0x00, 0x1b, 0xe0, 0x00, 0x18, 0x7c, 0x00, 0x18, 0x1f, 0x00, 0x18, 0x07, 
	0xc0, 0x1f, 0x80, 0xf8, 0x1f, 0x80, 0xf8, 0x18, 0x07, 0xc0, 0x18, 0x1f, 0x00, 0x18, 0x7c, 0x00, 
	0x1b, 0xe0, 0x00, 0x1f, 0x80, 0x00, 0x1c, 0x00, 0x00, 0x10, 0x00, 0x00, 0x00, 0x00, 0x00, 0x00, 
	0x00, 0x00, 0x00, 0x00, 0x00, 0x00, 0x00, 0x00
};
// 'chat_24dp_E3E3E3_FILL0_wght400_GRAD0_opsz24', 24x24px
const unsigned char epd_bitmap_chat_24dp_E3E3E3_FILL0_wght400_GRAD0_opsz24 [] PROGMEM = {
	0x00, 0x00, 0x00, 0x00, 0x00, 0x00, 0x1f, 0xff, 0xf8, 0x3f, 0xff, 0xfc, 0x30, 0x00, 0x0c, 0x30, 
	0x00, 0x0c, 0x33, 0xff, 0xcc, 0x33, 0xff, 0xcc, 0x30, 0x00, 0x0c, 0x33, 0xff, 0xcc, 0x33, 0xff, 
	0xcc, 0x30, 0x00, 0x0c, 0x33, 0xfc, 0x0c, 0x33, 0xfc, 0x0c, 0x30, 0x00, 0x0c, 0x30, 0x00, 0x0c, 
	0x37, 0xff, 0xfc, 0x3f, 0xff, 0xf8, 0x38, 0x00, 0x00, 0x30, 0x00, 0x00, 0x20, 0x00, 0x00, 0x00, 
	0x00, 0x00, 0x00, 0x00, 0x00, 0x00, 0x00, 0x00
};
// 'notifications_24dp_E3E3E3_FILL0_wght400_GRAD0_opsz24', 24x24px
const unsigned char epd_bitmap_notifications_24dp_E3E3E3_FILL0_wght400_GRAD0_opsz24 [] PROGMEM = {
	0x00, 0x00, 0x00, 0x00, 0x00, 0x00, 0x00, 0x18, 0x00, 0x00, 0x18, 0x00, 0x00, 0x3c, 0x00, 0x00, 
	0xff, 0x00, 0x01, 0xc3, 0x80, 0x01, 0x81, 0x80, 0x03, 0x00, 0xc0, 0x03, 0x00, 0xc0, 0x03, 0x00, 
	0xc0, 0x03, 0x00, 0xc0, 0x03, 0x00, 0xc0, 0x03, 0x00, 0xc0, 0x03, 0x00, 0xc0, 0x03, 0x00, 0xc0, 
	0x03, 0x00, 0xc0, 0x0f, 0xff, 0xf0, 0x0f, 0xff, 0xf0, 0x00, 0x00, 0x00, 0x00, 0x3c, 0x00, 0x00, 
	0x18, 0x00, 0x00, 0x00, 0x00, 0x00, 0x00, 0x00
};
// 'mail_24dp_E3E3E3_FILL0_wght400_GRAD0_opsz24', 24x24px
const unsigned char epd_bitmap_mail_24dp_E3E3E3_FILL0_wght400_GRAD0_opsz24 [] PROGMEM = {
	0x00, 0x00, 0x00, 0x00, 0x00, 0x00, 0x00, 0x00, 0x00, 0x00, 0x00, 0x00, 0x1f, 0xff, 0xf8, 0x3f, 
	0xff, 0xfc, 0x38, 0x00, 0x1c, 0x3c, 0x00, 0x3c, 0x37, 0x00, 0xec, 0x33, 0xc3, 0xcc, 0x30, 0xe7, 
	0x0c, 0x30, 0x3c, 0x0c, 0x30, 0x18, 0x0c, 0x30, 0x00, 0x0c, 0x30, 0x00, 0x0c, 0x30, 0x00, 0x0c, 
	0x30, 0x00, 0x0c, 0x30, 0x00, 0x0c, 0x3f, 0xff, 0xfc, 0x1f, 0xff, 0xf8, 0x00, 0x00, 0x00, 0x00, 
	0x00, 0x00, 0x00, 0x00, 0x00, 0x00, 0x00, 0x00
};
// 'call_24dp_E3E3E3_FILL0_wght400_GRAD0_opsz24', 24x24px
const unsigned char epd_bitmap_call_24dp_E3E3E3_FILL0_wght400_GRAD0_opsz24 [] PROGMEM = {
	0x00, 0x00, 0x00, 0x00, 0x00, 0x00, 0x00, 0x00, 0x00, 0x1f, 0x80, 0x00, 0x1f, 0x80, 0x00, 0x19, 
	0x80, 0x00, 0x18, 0xc0, 0x00, 0x18, 0xc0, 0x00, 0x0d, 0x80, 0x00, 0x0f, 0x00, 0x00, 0x06, 0x00, 
	0x00, 0x06, 0x00, 0x00, 0x03, 0x00, 0x00, 0x03, 0x80, 0x00, 0x01, 0xc0, 0xc0, 0x00, 0xe1, 0xf8, 
	0x00, 0x73, 0x38, 0x00, 0x3e, 0x18, 0x00, 0x0f, 0x18, 0x00, 0x03, 0xf8, 0x00, 0x00, 0xf8, 0x00, 
	0x00, 0x00, 0x00, 0x00, 0x00, 0x00, 0x00, 0x00
};
// 'wand_shine_24dp_E3E3E3_FILL0_wght400_GRAD0_opsz24', 24x24px
const unsigned char epd_bitmap_wand_shine_24dp_E3E3E3_FILL0_wght400_GRAD0_opsz24 [] PROGMEM = {
	0x00, 0x00, 0x00, 0x00, 0x0c, 0x00, 0x00, 0x0c, 0x00, 0x00, 0x0c, 0x00, 0x03, 0x0c, 0x30, 0x03, 
	0x80, 0x70, 0x01, 0x80, 0x60, 0x00, 0x00, 0x00, 0x00, 0x1f, 0x00, 0x00, 0x3f, 0x00, 0x00, 0x7f, 
	0x1e, 0x00, 0xff, 0x1e, 0x01, 0xdf, 0x00, 0x03, 0x8e, 0x00, 0x07, 0x1c, 0x00, 0x0e, 0x38, 0x60, 
	0x1c, 0x70, 0x70, 0x38, 0xe0, 0x30, 0x39, 0xc0, 0x00, 0x1f, 0x80, 0x00, 0x0f, 0x00, 0x00, 0x06, 
	0x00, 0x00, 0x00, 0x00, 0x00, 0x00, 0x00, 0x00
};
// 'visibility_lock_24dp_E3E3E3_FILL0_wght400_GRAD0_opsz24', 24x24px
const unsigned char epd_bitmap_visibility_lock_24dp_E3E3E3_FILL0_wght400_GRAD0_opsz24 [] PROGMEM = {
	0x00, 0x00, 0x00, 0x00, 0x00, 0x00, 0x00, 0x00, 0x00, 0x00, 0x00, 0x00, 0x00, 0x7e, 0x00, 0x03, 
	0xff, 0xc0, 0x07, 0x81, 0xe0, 0x0e, 0x3c, 0x70, 0x18, 0x7e, 0x18, 0x30, 0xc3, 0x0c, 0x30, 0x81, 
	0x0e, 0x60, 0x81, 0x00, 0x30, 0x80, 0x00, 0x30, 0xc2, 0x30, 0x18, 0x7c, 0x48, 0x0e, 0x3c, 0x48, 
	0x07, 0x80, 0xfc, 0x03, 0xfc, 0xfc, 0x00, 0x7c, 0xfc, 0x00, 0x00, 0xfc, 0x00, 0x00, 0xfc, 0x00, 
	0x00, 0x00, 0x00, 0x00, 0x00, 0x00, 0x00, 0x00
};
// 'alarm_off_24dp_E3E3E3_FILL0_wght400_GRAD0_opsz24', 24x24px
const unsigned char epd_bitmap_alarm_off_24dp_E3E3E3_FILL0_wght400_GRAD0_opsz24 [] PROGMEM = {
	0x00, 0x00, 0x00, 0x00, 0x00, 0x00, 0x00, 0x00, 0x00, 0x60, 0x00, 0x60, 0x30, 0x7e, 0x30, 0x38, 
	0xff, 0x98, 0x3c, 0x01, 0xcc, 0x26, 0x00, 0xe4, 0x0f, 0x00, 0x70, 0x0d, 0x80, 0x30, 0x18, 0xc0, 
	0x18, 0x18, 0x60, 0x18, 0x18, 0x30, 0x18, 0x18, 0x18, 0x18, 0x18, 0x0c, 0x18, 0x18, 0x06, 0x18, 
	0x0c, 0x03, 0x10, 0x0e, 0x01, 0x80, 0x07, 0x00, 0xc0, 0x03, 0x81, 0xe0, 0x01, 0xff, 0xb0, 0x00, 
	0x7e, 0x18, 0x00, 0x00, 0x08, 0x00, 0x00, 0x00
};
// 'alarm_on_24dp_E3E3E3_FILL0_wght400_GRAD0_opsz24', 24x24px
const unsigned char epd_bitmap_alarm_on_24dp_E3E3E3_FILL0_wght400_GRAD0_opsz24 [] PROGMEM = {
	0x00, 0x00, 0x00, 0x00, 0x00, 0x00, 0x00, 0x00, 0x00, 0x0e, 0x00, 0x60, 0x1c, 0x7e, 0x30, 0x39, 
	0xff, 0x98, 0x33, 0x81, 0xcc, 0x27, 0x00, 0xe4, 0x0e, 0x00, 0x70, 0x0c, 0x00, 0x30, 0x18, 0x03, 
	0x18, 0x18, 0x07, 0x18, 0x18, 0xce, 0x18, 0x18, 0xfc, 0x18, 0x18, 0x78, 0x18, 0x18, 0x30, 0x18, 
	0x0c, 0x00, 0x30, 0x0e, 0x00, 0x70, 0x07, 0x00, 0xe0, 0x03, 0x81, 0xc0, 0x01, 0xff, 0x80, 0x00, 
	0x7e, 0x00, 0x00, 0x00, 0x00, 0x00, 0x00, 0x00
};
// 'history_toggle_off_24dp_E3E3E3_FILL0_wght400_GRAD0_opsz24', 24x24px
const unsigned char epd_bitmap_history_toggle_off_24dp_E3E3E3_FILL0_wght400_GRAD0_opsz24 [] PROGMEM = {
	0x00, 0x00, 0x00, 0x00, 0x00, 0x00, 0x00, 0x66, 0x00, 0x00, 0xe7, 0x00, 0x06, 0x00, 0x20, 0x0e, 
	0x00, 0x70, 0x0c, 0x00, 0x30, 0x00, 0x18, 0x00, 0x10, 0x18, 0x08, 0x30, 0x18, 0x0c, 0x30, 0x18, 
	0x0c, 0x00, 0x18, 0x00, 0x00, 0x1c, 0x00, 0x30, 0x0e, 0x0c, 0x30, 0x07, 0x0c, 0x10, 0x03, 0x08, 
	0x00, 0x00, 0x00, 0x0c, 0x00, 0x30, 0x0e, 0x00, 0x70, 0x04, 0x00, 0x20, 0x00, 0xe7, 0x00, 0x00, 
	0x66, 0x00, 0x00, 0x00, 0x00, 0x00, 0x00, 0x00
};
// 'event_busy_24dp_E3E3E3_FILL0_wght400_GRAD0_opsz24', 24x24px
const unsigned char epd_bitmap_event_busy_24dp_E3E3E3_FILL0_wght400_GRAD0_opsz24 [] PROGMEM = {
	0x00, 0x00, 0x00, 0x00, 0x00, 0x00, 0x03, 0x00, 0xc0, 0x03, 0x00, 0xc0, 0x0f, 0xff, 0xf0, 0x1f, 
	0xff, 0xf8, 0x18, 0x00, 0x18, 0x18, 0x00, 0x18, 0x1f, 0xff, 0xf8, 0x1f, 0xff, 0xf8, 0x18, 0x00, 
	0x18, 0x18, 0x00, 0x18, 0x18, 0x66, 0x18, 0x18, 0x7e, 0x18, 0x18, 0x3c, 0x18, 0x18, 0x3c, 0x18, 
	0x18, 0x7e, 0x18, 0x18, 0x66, 0x18, 0x18, 0x00, 0x18, 0x18, 0x00, 0x18, 0x1f, 0xff, 0xf8, 0x0f, 
	0xff, 0xf0, 0x00, 0x00, 0x00, 0x00, 0x00, 0x00
};
// 'input_24dp_E3E3E3_FILL0_wght400_GRAD0_opsz24', 24x24px
const unsigned char epd_bitmap_input_24dp_E3E3E3_FILL0_wght400_GRAD0_opsz24 [] PROGMEM = {
	0x00, 0x00, 0x00, 0x00, 0x00, 0x00, 0x00, 0x00, 0x00, 0x00, 0x00, 0x00, 0x1f, 0xff, 0xf8, 0x3f, 
	0xff, 0xfc, 0x30, 0x00, 0x0c, 0x30, 0x00, 0x0c, 0x30, 0x10, 0x0c, 0x00, 0x18, 0x0c, 0x00, 0x0c, 
	0x0c, 0x3f, 0xfe, 0x0c, 0x3f, 0xfe, 0x0c, 0x00, 0x0c, 0x0c, 0x00, 0x18, 0x0c, 0x30, 0x10, 0x0c, 
	0x30, 0x00, 0x0c, 0x30, 0x00, 0x0c, 0x3f, 0xff, 0xfc, 0x1f, 0xff, 0xf8, 0x00, 0x00, 0x00, 0x00, 
	0x00, 0x00, 0x00, 0x00, 0x00, 0x00, 0x00, 0x00
};
// 'upgrade_24dp_E3E3E3_FILL0_wght400_GRAD0_opsz24', 24x24px
const unsigned char epd_bitmap_upgrade_24dp_E3E3E3_FILL0_wght400_GRAD0_opsz24 [] PROGMEM = {
	0x00, 0x00, 0x00, 0x00, 0x00, 0x00, 0x00, 0x00, 0x00, 0x00, 0x00, 0x00, 0x00, 0x00, 0x00, 0x00, 
	0x18, 0x00, 0x00, 0x3c, 0x00, 0x00, 0x7e, 0x00, 0x00, 0xdb, 0x00, 0x00, 0x99, 0x00, 0x00, 0x18, 
	0x00, 0x00, 0x18, 0x00, 0x00, 0x18, 0x00, 0x00, 0x18, 0x00, 0x00, 0x18, 0x00, 0x00, 0x18, 0x00, 
	0x00, 0x00, 0x00, 0x00, 0x00, 0x00, 0x01, 0xff, 0x80, 0x01, 0xff, 0x80, 0x00, 0x00, 0x00, 0x00, 
	0x00, 0x00, 0x00, 0x00, 0x00, 0x00, 0x00, 0x00
};
// 'collections_bookmark_24dp_E3E3E3_FILL0_wght400_GRAD0_opsz24', 24x24px
const unsigned char epd_bitmap_collections_bookmark_24dp_E3E3E3_FILL0_wght400_GRAD0_opsz24 [] PROGMEM = {
	0x00, 0x00, 0x00, 0x00, 0x00, 0x00, 0x01, 0xff, 0xf8, 0x03, 0xff, 0xfc, 0x03, 0x07, 0xcc, 0x03, 
	0x07, 0xcc, 0x33, 0x07, 0xcc, 0x33, 0x07, 0xcc, 0x33, 0x07, 0xcc, 0x33, 0x07, 0xcc, 0x33, 0x04, 
	0x4c, 0x33, 0x00, 0x0c, 0x33, 0x00, 0x0c, 0x33, 0x00, 0x0c, 0x33, 0x00, 0x0c, 0x33, 0x00, 0x0c, 
	0x33, 0xff, 0xfc, 0x31, 0xff, 0xf8, 0x30, 0x00, 0x00, 0x30, 0x00, 0x00, 0x3f, 0xff, 0xc0, 0x1f, 
	0xff, 0xc0, 0x00, 0x00, 0x00, 0x00, 0x00, 0x00
};
// 'dangerous_24dp_E3E3E3_FILL0_wght400_GRAD0_opsz24', 24x24px
const unsigned char epd_bitmap_dangerous_24dp_E3E3E3_FILL0_wght400_GRAD0_opsz24 [] PROGMEM = {
	0x00, 0x00, 0x00, 0x00, 0x00, 0x00, 0x00, 0x00, 0x00, 0x00, 0xff, 0x00, 0x01, 0xff, 0x80, 0x03, 
	0x81, 0xc0, 0x07, 0x00, 0xe0, 0x0e, 0x00, 0x70, 0x1c, 0xc3, 0x38, 0x18, 0xe7, 0x18, 0x18, 0x7e, 
	0x18, 0x18, 0x3c, 0x18, 0x18, 0x3c, 0x18, 0x18, 0x7e, 0x18, 0x18, 0xe7, 0x18, 0x1c, 0xc3, 0x38, 
	0x0e, 0x00, 0x70, 0x07, 0x00, 0xe0, 0x03, 0x81, 0xc0, 0x01, 0xff, 0x80, 0x00, 0xff, 0x00, 0x00, 
	0x00, 0x00, 0x00, 0x00, 0x00, 0x00, 0x00, 0x00
};
// 'rule_24dp_E3E3E3_FILL0_wght400_GRAD0_opsz24', 24x24px
const unsigned char epd_bitmap_rule_24dp_E3E3E3_FILL0_wght400_GRAD0_opsz24 [] PROGMEM = {
	0x00, 0x00, 0x00, 0x00, 0x00, 0x00, 0x00, 0x00, 0x00, 0x00, 0x00, 0x00, 0x00, 0x00, 0x08, 0x00, 
	0x00, 0x1c, 0x00, 0x02, 0x38, 0x3f, 0xe7, 0x70, 0x3f, 0xe3, 0xe0, 0x00, 0x01, 0xc0, 0x00, 0x00, 
	0x80, 0x00, 0x00, 0x00, 0x00, 0x02, 0x10, 0x00, 0x07, 0x38, 0x00, 0x03, 0xf0, 0x3f, 0xe1, 0xe0, 
	0x3f, 0xe1, 0xe0, 0x00, 0x03, 0xf0, 0x00, 0x07, 0x38, 0x00, 0x02, 0x10, 0x00, 0x00, 0x00, 0x00, 
	0x00, 0x00, 0x00, 0x00, 0x00, 0x00, 0x00, 0x00
};
// 'notification_important_24dp_E3E3E3_FILL0_wght400_GRAD0_opsz24', 24x24px
const unsigned char epd_bitmap_notification_important_24dp_E3E3E3_FILL0_wght400_GRAD0_opsz24 [] PROGMEM = {
	0x00, 0x00, 0x00, 0x00, 0x00, 0x00, 0x00, 0x18, 0x00, 0x00, 0x18, 0x00, 0x00, 0x3c, 0x00, 0x00, 
	0xff, 0x00, 0x01, 0xc3, 0x80, 0x01, 0x81, 0x80, 0x03, 0x18, 0xc0, 0x03, 0x18, 0xc0, 0x03, 0x18, 
	0xc0, 0x03, 0x18, 0xc0, 0x03, 0x18, 0xc0, 0x03, 0x00, 0xc0, 0x03, 0x18, 0xc0, 0x03, 0x18, 0xc0, 
	0x03, 0x00, 0xc0, 0x0f, 0xff, 0xf0, 0x0f, 0xff, 0xf0, 0x00, 0x00, 0x00, 0x00, 0x3c, 0x00, 0x00, 
	0x18, 0x00, 0x00, 0x00, 0x00, 0x00, 0x00, 0x00
};
// 'support_24dp_E3E3E3_FILL0_wght400_GRAD0_opsz24', 24x24px
const unsigned char epd_bitmap_support_24dp_E3E3E3_FILL0_wght400_GRAD0_opsz24 [] PROGMEM = {
	0x00, 0x00, 0x00, 0x00, 0x00, 0x00, 0x00, 0x7e, 0x00, 0x01, 0xff, 0x80, 0x07, 0xff, 0xe0, 0x0e, 
	0x3c, 0x70, 0x0c, 0x3c, 0x30, 0x18, 0x3c, 0x18, 0x18, 0x7e, 0x18, 0x38, 0xc3, 0x1c, 0x3f, 0x81, 
	0xfc, 0x3f, 0x81, 0xfc, 0x3f, 0x81, 0xfc, 0x3f, 0x81, 0xfc, 0x38, 0xc3, 0x1c, 0x18, 0x7f, 0x18, 
	0x18, 0x3c, 0x18, 0x0c, 0x3c, 0x30, 0x0e, 0x3c, 0x70, 0x03, 0xff, 0xe0, 0x01, 0xff, 0x80, 0x00, 
	0x7e, 0x00, 0x00, 0x00, 0x00, 0x00, 0x00, 0x00
};
// 'alarm_24dp_E3E3E3_FILL0_wght400_GRAD0_opsz24', 24x24px
const unsigned char epd_bitmap_alarm_24dp_E3E3E3_FILL0_wght400_GRAD0_opsz24 [] PROGMEM = {
	0x00, 0x00, 0x00, 0x00, 0x00, 0x00, 0x00, 0x00, 0x00, 0x0e, 0x00, 0x60, 0x1c, 0x7e, 0x30, 0x39, 
	0xff, 0x98, 0x33, 0x81, 0xcc, 0x27, 0x00, 0xe4, 0x0e, 0x18, 0x70, 0x0c, 0x18, 0x30, 0x18, 0x18, 
	0x18, 0x18, 0x18, 0x18, 0x18, 0x18, 0x18, 0x18, 0x1c, 0x18, 0x18, 0x0e, 0x18, 0x18, 0x07, 0x18, 
	0x0c, 0x02, 0x30, 0x0e, 0x00, 0x70, 0x07, 0x00, 0xe0, 0x03, 0x81, 0xc0, 0x01, 0xff, 0x80, 0x00, 
	0x7e, 0x00, 0x00, 0x00, 0x00, 0x00, 0x00, 0x00
};
// 'translate_24dp_E3E3E3_FILL0_wght400_GRAD0_opsz24', 24x24px
const unsigned char epd_bitmap_translate_24dp_E3E3E3_FILL0_wght400_GRAD0_opsz24 [] PROGMEM = {
	0x00, 0x00, 0x00, 0x00, 0x00, 0x00, 0x00, 0xc0, 0x00, 0x00, 0xc0, 0x00, 0x7f, 0xff, 0x80, 0x7f, 
	0xff, 0x80, 0x00, 0x0c, 0x00, 0x00, 0x0c, 0x00, 0x06, 0x18, 0x00, 0x07, 0x38, 0x00, 0x03, 0x30, 
	0xe0, 0x01, 0xe0, 0xe0, 0x00, 0xe0, 0xa0, 0x01, 0xe1, 0xb0, 0x03, 0x31, 0xb0, 0x06, 0x1b, 0x18, 
	0x0c, 0x03, 0x18, 0x18, 0x03, 0xf8, 0x00, 0x07, 0xfc, 0x00, 0x06, 0x0c, 0x00, 0x04, 0x06, 0x00, 
	0x0c, 0x06, 0x00, 0x00, 0x00, 0x00, 0x00, 0x00
};
// 'terminal_24dp_E3E3E3_FILL0_wght400_GRAD0_opsz24', 24x24px
const unsigned char epd_bitmap_terminal_24dp_E3E3E3_FILL0_wght400_GRAD0_opsz24 [] PROGMEM = {
	0x00, 0x00, 0x00, 0x00, 0x00, 0x00, 0x00, 0x00, 0x00, 0x00, 0x00, 0x00, 0x1f, 0xff, 0xf8, 0x3f, 
	0xff, 0xfc, 0x3f, 0xff, 0xfc, 0x3f, 0xff, 0xfc, 0x30, 0x00, 0x0c, 0x31, 0x00, 0x0c, 0x33, 0x80, 
	0x0c, 0x31, 0xc0, 0x0c, 0x30, 0xe0, 0x0c, 0x30, 0xe0, 0x0c, 0x31, 0xc0, 0x0c, 0x33, 0x8f, 0xcc, 
	0x31, 0x0f, 0xcc, 0x30, 0x00, 0x0c, 0x3f, 0xff, 0xfc, 0x1f, 0xff, 0xf8, 0x00, 0x00, 0x00, 0x00, 
	0x00, 0x00, 0x00, 0x00, 0x00, 0x00, 0x00, 0x00
};
// 'today_24dp_E3E3E3_FILL0_wght400_GRAD0_opsz24', 24x24px
const unsigned char epd_bitmap_today_24dp_E3E3E3_FILL0_wght400_GRAD0_opsz24 [] PROGMEM = {
	0x00, 0x00, 0x00, 0x00, 0x00, 0x00, 0x03, 0x00, 0xc0, 0x03, 0x00, 0xc0, 0x0f, 0xff, 0xf0, 0x1f, 
	0xff, 0xf8, 0x18, 0x00, 0x18, 0x18, 0x00, 0x18, 0x1f, 0xff, 0xf8, 0x1f, 0xff, 0xf8, 0x18, 0x00, 
	0x18, 0x18, 0x00, 0x18, 0x19, 0xe0, 0x18, 0x19, 0xe0, 0x18, 0x19, 0xe0, 0x18, 0x19, 0xe0, 0x18, 
	0x18, 0x00, 0x18, 0x18, 0x00, 0x18, 0x18, 0x00, 0x18, 0x18, 0x00, 0x18, 0x1f, 0xff, 0xf8, 0x0f, 
	0xff, 0xf0, 0x00, 0x00, 0x00, 0x00, 0x00, 0x00
};
// 'power_settings_new_24dp_E3E3E3_FILL0_wght400_GRAD0_opsz24', 24x24px
const unsigned char epd_bitmap_power_settings_new_24dp_E3E3E3_FILL0_wght400_GRAD0_opsz24 [] PROGMEM = {
	0x00, 0x00, 0x00, 0x00, 0x00, 0x00, 0x00, 0x18, 0x00, 0x00, 0x18, 0x00, 0x00, 0x18, 0x00, 0x08, 
	0x18, 0x10, 0x0c, 0x18, 0x30, 0x18, 0x18, 0x18, 0x18, 0x18, 0x18, 0x30, 0x18, 0x0c, 0x30, 0x18, 
	0x0c, 0x30, 0x18, 0x0c, 0x30, 0x18, 0x0c, 0x30, 0x00, 0x0c, 0x30, 0x00, 0x0c, 0x18, 0x00, 0x18, 
	0x18, 0x00, 0x18, 0x0c, 0x00, 0x30, 0x0e, 0x00, 0x70, 0x03, 0x81, 0xe0, 0x01, 0xff, 0x80, 0x00, 
	0x7e, 0x00, 0x00, 0x00, 0x00, 0x00, 0x00, 0x00
};
// 'bug_report_24dp_E3E3E3_FILL0_wght400_GRAD0_opsz24', 24x24px
const unsigned char epd_bitmap_bug_report_24dp_E3E3E3_FILL0_wght400_GRAD0_opsz24 [] PROGMEM = {
	0x00, 0x00, 0x00, 0x00, 0x00, 0x00, 0x00, 0x00, 0x00, 0x00, 0x81, 0x00, 0x01, 0xc3, 0x80, 0x00, 
	0xff, 0x00, 0x00, 0xff, 0x00, 0x01, 0xc3, 0x80, 0x0f, 0x81, 0xf0, 0x0f, 0x00, 0xf0, 0x03, 0x3c, 
	0xc0, 0x03, 0x3c, 0xc0, 0x0f, 0x00, 0xf0, 0x0f, 0x00, 0xf0, 0x03, 0x3c, 0xc0, 0x03, 0x3c, 0xc0, 
	0x0f, 0x00, 0xf0, 0x0f, 0x81, 0xf0, 0x01, 0xc3, 0x80, 0x00, 0xff, 0x00, 0x00, 0x3c, 0x00, 0x00, 
	0x00, 0x00, 0x00, 0x00, 0x00, 0x00, 0x00, 0x00
};
// 'upload_file_24dp_E3E3E3_FILL0_wght400_GRAD0_opsz24', 24x24px
const unsigned char epd_bitmap_upload_file_24dp_E3E3E3_FILL0_wght400_GRAD0_opsz24 [] PROGMEM = {
	0x00, 0x00, 0x00, 0x00, 0x00, 0x00, 0x07, 0xfc, 0x00, 0x0f, 0xfe, 0x00, 0x0c, 0x07, 0x00, 0x0c, 
	0x07, 0x80, 0x0c, 0x07, 0xc0, 0x0c, 0x07, 0xe0, 0x0c, 0x07, 0xf0, 0x0c, 0x00, 0x30, 0x0c, 0x00, 
	0x30, 0x0c, 0x00, 0x30, 0x0c, 0x18, 0x30, 0x0c, 0x3c, 0x30, 0x0c, 0x7e, 0x30, 0x0c, 0x5a, 0x30, 
	0x0c, 0x18, 0x30, 0x0c, 0x18, 0x30, 0x0c, 0x18, 0x30, 0x0c, 0x00, 0x30, 0x0f, 0xff, 0xf0, 0x07, 
	0xff, 0xe0, 0x00, 0x00, 0x00, 0x00, 0x00, 0x00
};
// 'lock_open_24dp_E3E3E3_FILL0_wght400_GRAD0_opsz24', 24x24px
const unsigned char epd_bitmap_lock_open_24dp_E3E3E3_FILL0_wght400_GRAD0_opsz24 [] PROGMEM = {
	0x00, 0x00, 0x00, 0x00, 0x3c, 0x00, 0x00, 0xfe, 0x00, 0x00, 0xc3, 0x00, 0x01, 0x81, 0x80, 0x01, 
	0x81, 0x80, 0x00, 0x01, 0x80, 0x00, 0x01, 0x80, 0x07, 0xff, 0xe0, 0x0f, 0xff, 0xf0, 0x0c, 0x00, 
	0x30, 0x0c, 0x00, 0x30, 0x0c, 0x00, 0x30, 0x0c, 0x18, 0x30, 0x0c, 0x3c, 0x30, 0x0c, 0x3c, 0x30, 
	0x0c, 0x18, 0x30, 0x0c, 0x00, 0x30, 0x0c, 0x00, 0x30, 0x0c, 0x00, 0x30, 0x0f, 0xff, 0xf0, 0x07, 
	0xff, 0xe0, 0x00, 0x00, 0x00, 0x00, 0x00, 0x00
};
// 'build_24dp_E3E3E3_FILL0_wght400_GRAD0_opsz24', 24x24px
const unsigned char epd_bitmap_build_24dp_E3E3E3_FILL0_wght400_GRAD0_opsz24 [] PROGMEM = {
	0x00, 0x00, 0x00, 0x00, 0x00, 0x00, 0x00, 0x00, 0x00, 0x01, 0xe0, 0x00, 0x03, 0xf8, 0x00, 0x01, 
	0xdc, 0x00, 0x08, 0xec, 0x00, 0x1c, 0x76, 0x00, 0x1e, 0x66, 0x00, 0x1f, 0xc6, 0x00, 0x1b, 0x86, 
	0x00, 0x0d, 0x0e, 0x00, 0x0e, 0x17, 0x00, 0x07, 0xfb, 0x80, 0x01, 0xfd, 0xc0, 0x00, 0x0e, 0xe0, 
	0x00, 0x07, 0x70, 0x00, 0x03, 0xb8, 0x00, 0x01, 0xf8, 0x00, 0x00, 0xf0, 0x00, 0x00, 0x60, 0x00, 
	0x00, 0x00, 0x00, 0x00, 0x00, 0x00, 0x00, 0x00
};
// 'code_24dp_E3E3E3_FILL0_wght400_GRAD0_opsz24', 24x24px
const unsigned char epd_bitmap_code_24dp_E3E3E3_FILL0_wght400_GRAD0_opsz24 [] PROGMEM = {
	0x00, 0x00, 0x00, 0x00, 0x00, 0x00, 0x00, 0x00, 0x00, 0x00, 0x00, 0x00, 0x00, 0x00, 0x00, 0x00, 
	0x00, 0x00, 0x00, 0x00, 0x00, 0x01, 0x81, 0x80, 0x03, 0x00, 0xc0, 0x06, 0x00, 0x60, 0x0c, 0x00, 
	0x30, 0x18, 0x00, 0x18, 0x18, 0x00, 0x18, 0x0c, 0x00, 0x30, 0x06, 0x00, 0x60, 0x03, 0x00, 0xc0, 
	0x01, 0x81, 0x80, 0x00, 0x00, 0x00, 0x00, 0x00, 0x00, 0x00, 0x00, 0x00, 0x00, 0x00, 0x00, 0x00, 
	0x00, 0x00, 0x00, 0x00, 0x00, 0x00, 0x00, 0x00
};
// 'update_24dp_E3E3E3_FILL0_wght400_GRAD0_opsz24', 24x24px
const unsigned char epd_bitmap_update_24dp_E3E3E3_FILL0_wght400_GRAD0_opsz24 [] PROGMEM = {
	0x00, 0x00, 0x00, 0x00, 0x00, 0x00, 0x00, 0x00, 0x00, 0x00, 0x7e, 0x00, 0x01, 0xff, 0x98, 0x03, 
	0x81, 0xd8, 0x07, 0x00, 0xf8, 0x0e, 0x18, 0x78, 0x0c, 0x19, 0xf8, 0x18, 0x19, 0xf8, 0x18, 0x18, 
	0x00, 0x18, 0x18, 0x00, 0x18, 0x1c, 0x00, 0x18, 0x0e, 0x18, 0x18, 0x07, 0x18, 0x0c, 0x02, 0x30, 
	0x0e, 0x00, 0x70, 0x07, 0x00, 0xe0, 0x03, 0x81, 0xc0, 0x01, 0xff, 0x80, 0x00, 0x7e, 0x00, 0x00, 
	0x00, 0x00, 0x00, 0x00, 0x00, 0x00, 0x00, 0x00
};
// 'question_mark_24dp_E3E3E3_FILL0_wght400_GRAD0_opsz24', 24x24px
const unsigned char epd_bitmap_question_mark_24dp_E3E3E3_FILL0_wght400_GRAD0_opsz24 [] PROGMEM = {
	0x00, 0x00, 0x00, 0x00, 0x00, 0x00, 0x00, 0x00, 0x00, 0x00, 0x3e, 0x00, 0x00, 0xff, 0x00, 0x01, 
	0xff, 0x80, 0x01, 0xc3, 0x80, 0x00, 0x81, 0x80, 0x00, 0x01, 0x80, 0x00, 0x03, 0x80, 0x00, 0x07, 
	0x80, 0x00, 0x0f, 0x00, 0x00, 0x1e, 0x00, 0x00, 0x1c, 0x00, 0x00, 0x1c, 0x00, 0x00, 0x18, 0x00, 
	0x00, 0x00, 0x00, 0x00, 0x00, 0x00, 0x00, 0x18, 0x00, 0x00, 0x3c, 0x00, 0x00, 0x3c, 0x00, 0x00, 
	0x18, 0x00, 0x00, 0x00, 0x00, 0x00, 0x00, 0x00
};
// 'history_24dp_E3E3E3_FILL0_wght400_GRAD0_opsz24', 24x24px
const unsigned char epd_bitmap_history_24dp_E3E3E3_FILL0_wght400_GRAD0_opsz24 [] PROGMEM = {
	0x00, 0x00, 0x00, 0x00, 0x00, 0x00, 0x00, 0x00, 0x00, 0x00, 0x7e, 0x00, 0x19, 0xff, 0x80, 0x1b, 
	0x81, 0xc0, 0x1f, 0x00, 0xe0, 0x1e, 0x18, 0x70, 0x1f, 0x98, 0x30, 0x1f, 0x98, 0x18, 0x00, 0x18, 
	0x18, 0x00, 0x18, 0x18, 0x00, 0x1c, 0x18, 0x18, 0x0e, 0x18, 0x18, 0x07, 0x18, 0x0c, 0x02, 0x30, 
	0x0e, 0x00, 0x70, 0x07, 0x00, 0xe0, 0x03, 0x81, 0xc0, 0x01, 0xff, 0x80, 0x00, 0x7e, 0x00, 0x00, 
	0x00, 0x00, 0x00, 0x00, 0x00, 0x00, 0x00, 0x00
};
// 'manage_accounts_24dp_E3E3E3_FILL0_wght400_GRAD0_opsz24', 24x24px
const unsigned char epd_bitmap_manage_accounts_24dp_E3E3E3_FILL0_wght400_GRAD0_opsz24 [] PROGMEM = {
	0x00, 0x00, 0x00, 0x00, 0x00, 0x00, 0x00, 0x00, 0x00, 0x00, 0x00, 0x00, 0x00, 0xf0, 0x00, 0x01, 
	0xf8, 0x00, 0x03, 0x9c, 0x00, 0x03, 0x0c, 0x00, 0x03, 0x0c, 0x00, 0x03, 0x9c, 0x00, 0x01, 0xf8, 
	0x00, 0x00, 0xf0, 0xc0, 0x00, 0x00, 0xc0, 0x03, 0xc7, 0xf8, 0x0f, 0xcf, 0x3c, 0x1e, 0x06, 0x18, 
	0x30, 0x06, 0x18, 0x30, 0x0f, 0x3c, 0x3f, 0xc7, 0xf8, 0x3f, 0xe0, 0xc0, 0x00, 0x00, 0xc0, 0x00, 
	0x00, 0x00, 0x00, 0x00, 0x00, 0x00, 0x00, 0x00
};
// 'verified_24dp_E3E3E3_FILL0_wght400_GRAD0_opsz24', 24x24px
const unsigned char epd_bitmap_verified_24dp_E3E3E3_FILL0_wght400_GRAD0_opsz24 [] PROGMEM = {
	0x00, 0x00, 0x00, 0x00, 0x00, 0x00, 0x00, 0xe7, 0x00, 0x01, 0xff, 0x80, 0x01, 0x99, 0x80, 0x1f, 
	0x81, 0xf8, 0x1f, 0x00, 0xf8, 0x18, 0x00, 0x18, 0x18, 0x00, 0x18, 0x18, 0x03, 0x18, 0x38, 0x07, 
	0x1c, 0x70, 0xce, 0x0e, 0x70, 0xfc, 0x0e, 0x38, 0x78, 0x1c, 0x18, 0x30, 0x18, 0x18, 0x00, 0x18, 
	0x18, 0x00, 0x18, 0x1f, 0x00, 0xf8, 0x1f, 0x81, 0xf8, 0x01, 0x99, 0x80, 0x01, 0xff, 0x80, 0x00, 
	0xe7, 0x00, 0x00, 0x00, 0x00, 0x00, 0x00, 0x00
};
// 'error_24dp_E3E3E3_FILL0_wght400_GRAD0_opsz24', 24x24px
const unsigned char epd_bitmap_error_24dp_E3E3E3_FILL0_wght400_GRAD0_opsz24 [] PROGMEM = {
	0x00, 0x00, 0x00, 0x00, 0x00, 0x00, 0x00, 0x7e, 0x00, 0x01, 0xff, 0x80, 0x07, 0x81, 0xe0, 0x0e, 
	0x00, 0x70, 0x0c, 0x00, 0x30, 0x18, 0x18, 0x18, 0x18, 0x18, 0x18, 0x30, 0x18, 0x0c, 0x30, 0x18, 
	0x0c, 0x30, 0x18, 0x0c, 0x30, 0x18, 0x0c, 0x30, 0x00, 0x0c, 0x30, 0x00, 0x0c, 0x18, 0x18, 0x18, 
	0x18, 0x18, 0x18, 0x0c, 0x00, 0x30, 0x0e, 0x00, 0x70, 0x03, 0x81, 0xe0, 0x01, 0xff, 0x80, 0x00, 
	0x7e, 0x00, 0x00, 0x00, 0x00, 0x00, 0x00, 0x00
};
// 'language_24dp_E3E3E3_FILL0_wght400_GRAD0_opsz24', 24x24px
const unsigned char epd_bitmap_language_24dp_E3E3E3_FILL0_wght400_GRAD0_opsz24 [] PROGMEM = {
	0x00, 0x00, 0x00, 0x00, 0x00, 0x00, 0x00, 0x7e, 0x00, 0x01, 0xff, 0x80, 0x03, 0xff, 0xc0, 0x06, 
	0x66, 0x60, 0x0c, 0x66, 0x30, 0x18, 0xc3, 0x18, 0x1f, 0xff, 0xf8, 0x3f, 0xff, 0xfc, 0x30, 0xc3, 
	0x0c, 0x30, 0x81, 0x0c, 0x30, 0x81, 0x0c, 0x30, 0xc3, 0x0c, 0x3f, 0xff, 0xfc, 0x1f, 0xff, 0xf8, 
	0x18, 0xc3, 0x18, 0x0c, 0x66, 0x30, 0x06, 0x66, 0x60, 0x03, 0xff, 0xc0, 0x01, 0xff, 0x80, 0x00, 
	0x7e, 0x00, 0x00, 0x00, 0x00, 0x00, 0x00, 0x00
};
// 'lock_24dp_E3E3E3_FILL0_wght400_GRAD0_opsz24', 24x24px
const unsigned char epd_bitmap_lock_24dp_E3E3E3_FILL0_wght400_GRAD0_opsz24 [] PROGMEM = {
	0x00, 0x00, 0x00, 0x00, 0x3c, 0x00, 0x00, 0xfe, 0x00, 0x00, 0xc3, 0x00, 0x01, 0x81, 0x80, 0x01, 
	0x81, 0x80, 0x01, 0x81, 0x80, 0x01, 0x81, 0x80, 0x07, 0xff, 0xe0, 0x0f, 0xff, 0xf0, 0x0c, 0x00, 
	0x30, 0x0c, 0x00, 0x30, 0x0c, 0x00, 0x30, 0x0c, 0x18, 0x30, 0x0c, 0x3c, 0x30, 0x0c, 0x3c, 0x30, 
	0x0c, 0x18, 0x30, 0x0c, 0x00, 0x30, 0x0c, 0x00, 0x30, 0x0c, 0x00, 0x30, 0x0f, 0xff, 0xf0, 0x07, 
	0xff, 0xe0, 0x00, 0x00, 0x00, 0x00, 0x00, 0x00
};
// 'help_24dp_E3E3E3_FILL0_wght400_GRAD0_opsz24', 24x24px
const unsigned char epd_bitmap_help_24dp_E3E3E3_FILL0_wght400_GRAD0_opsz24 [] PROGMEM = {
	0x00, 0x00, 0x00, 0x00, 0x00, 0x00, 0x00, 0x7e, 0x00, 0x01, 0xff, 0x80, 0x07, 0x81, 0xe0, 0x0e, 
	0x00, 0x70, 0x0c, 0x3c, 0x30, 0x18, 0x7e, 0x18, 0x18, 0x62, 0x18, 0x30, 0x02, 0x0c, 0x30, 0x06, 
	0x0c, 0x30, 0x0c, 0x0c, 0x30, 0x18, 0x0c, 0x30, 0x18, 0x0c, 0x30, 0x00, 0x0c, 0x18, 0x00, 0x18, 
	0x18, 0x18, 0x18, 0x0c, 0x18, 0x30, 0x0e, 0x00, 0x70, 0x03, 0x81, 0xe0, 0x01, 0xff, 0x80, 0x00, 
	0x7e, 0x00, 0x00, 0x00, 0x00, 0x00, 0x00, 0x00
};
// 'schedule_24dp_E3E3E3_FILL0_wght400_GRAD0_opsz24', 24x24px
const unsigned char epd_bitmap_schedule_24dp_E3E3E3_FILL0_wght400_GRAD0_opsz24 [] PROGMEM = {
	0x00, 0x00, 0x00, 0x00, 0x00, 0x00, 0x00, 0x7e, 0x00, 0x01, 0xff, 0x80, 0x07, 0x81, 0xe0, 0x0e, 
	0x00, 0x70, 0x0c, 0x00, 0x30, 0x18, 0x18, 0x18, 0x18, 0x18, 0x18, 0x30, 0x18, 0x0c, 0x30, 0x18, 
	0x0c, 0x30, 0x18, 0x0c, 0x30, 0x1c, 0x0c, 0x30, 0x0e, 0x0c, 0x30, 0x07, 0x0c, 0x18, 0x03, 0x18, 
	0x18, 0x00, 0x18, 0x0c, 0x00, 0x30, 0x0e, 0x00, 0x70, 0x03, 0x81, 0xe0, 0x01, 0xff, 0x80, 0x00, 
	0x7e, 0x00, 0x00, 0x00, 0x00, 0x00, 0x00, 0x00
};
// 'warning_24dp_E3E3E3_FILL0_wght400_GRAD0_opsz24', 24x24px
const unsigned char epd_bitmap_warning_24dp_E3E3E3_FILL0_wght400_GRAD0_opsz24 [] PROGMEM = {
	0x00, 0x00, 0x00, 0x00, 0x00, 0x00, 0x00, 0x00, 0x00, 0x00, 0x18, 0x00, 0x00, 0x18, 0x00, 0x00, 
	0x3c, 0x00, 0x00, 0x7e, 0x00, 0x00, 0x66, 0x00, 0x00, 0xe7, 0x00, 0x00, 0xc3, 0x00, 0x01, 0x99, 
	0x80, 0x01, 0x99, 0x80, 0x03, 0x18, 0xc0, 0x07, 0x18, 0xe0, 0x06, 0x18, 0x60, 0x0c, 0x00, 0x30, 
	0x0c, 0x18, 0x30, 0x18, 0x18, 0x18, 0x38, 0x00, 0x1c, 0x3f, 0xff, 0xfc, 0x7f, 0xff, 0xfe, 0x00, 
	0x00, 0x00, 0x00, 0x00, 0x00, 0x00, 0x00, 0x00
};
// 'info_24dp_E3E3E3_FILL0_wght400_GRAD0_opsz24', 24x24px
const unsigned char epd_bitmap_info_24dp_E3E3E3_FILL0_wght400_GRAD0_opsz24 [] PROGMEM = {
	0x00, 0x00, 0x00, 0x00, 0x00, 0x00, 0x00, 0x7e, 0x00, 0x01, 0xff, 0x80, 0x07, 0x81, 0xe0, 0x0e, 
	0x00, 0x70, 0x0c, 0x00, 0x30, 0x18, 0x18, 0x18, 0x18, 0x18, 0x18, 0x30, 0x00, 0x0c, 0x30, 0x00, 
	0x0c, 0x30, 0x18, 0x0c, 0x30, 0x18, 0x0c, 0x30, 0x18, 0x0c, 0x30, 0x18, 0x0c, 0x18, 0x18, 0x18, 
	0x18, 0x18, 0x18, 0x0c, 0x00, 0x30, 0x0e, 0x00, 0x70, 0x03, 0x81, 0xe0, 0x01, 0xff, 0x80, 0x00, 
	0x7e, 0x00, 0x00, 0x00, 0x00, 0x00, 0x00, 0x00
};
// 'visibility_24dp_E3E3E3_FILL0_wght400_GRAD0_opsz24', 24x24px
const unsigned char epd_bitmap_visibility_24dp_E3E3E3_FILL0_wght400_GRAD0_opsz24 [] PROGMEM = {
	0x00, 0x00, 0x00, 0x00, 0x00, 0x00, 0x00, 0x00, 0x00, 0x00, 0x00, 0x00, 0x00, 0x7e, 0x00, 0x03, 
	0xff, 0xc0, 0x07, 0x81, 0xe0, 0x0e, 0x3c, 0x70, 0x18, 0x7e, 0x18, 0x30, 0xc3, 0x0c, 0x30, 0x81, 
	0x0c, 0x60, 0x81, 0x06, 0x30, 0x81, 0x0c, 0x30, 0xc3, 0x0c, 0x18, 0x7e, 0x18, 0x0e, 0x3c, 0x70, 
	0x07, 0x81, 0xe0, 0x03, 0xff, 0xc0, 0x00, 0x7e, 0x00, 0x00, 0x00, 0x00, 0x00, 0x00, 0x00, 0x00, 
	0x00, 0x00, 0x00, 0x00, 0x00, 0x00, 0x00, 0x00
};
// 'water_drops_24dp_E3E3E3_FILL0_wght400_GRAD0_opsz24', 24x24px
const unsigned char epd_bitmap_water_drops_24dp_E3E3E3_FILL0_wght400_GRAD0_opsz24 [] PROGMEM = {
	0x00, 0x00, 0x00, 0x00, 0x00, 0x00, 0x00, 0x10, 0x00, 0x00, 0x3c, 0x00, 0x00, 0x7e, 0x40, 0x00, 
	0xe7, 0xe0, 0x01, 0xc3, 0xf0, 0x01, 0x81, 0xb0, 0x03, 0x03, 0x18, 0x07, 0x03, 0x18, 0x06, 0x03, 
	0x18, 0x0e, 0x01, 0xf0, 0x0c, 0x00, 0xf0, 0x0c, 0x00, 0x30, 0x0d, 0x00, 0x30, 0x0d, 0x80, 0x30, 
	0x0c, 0x80, 0x70, 0x06, 0xf0, 0x60, 0x07, 0x38, 0xe0, 0x03, 0x83, 0xc0, 0x01, 0xff, 0x80, 0x00, 
	0x7e, 0x00, 0x00, 0x00, 0x00, 0x00, 0x00, 0x00
};
// 'weather_mix_24dp_E3E3E3_FILL0_wght400_GRAD0_opsz24', 24x24px
const unsigned char epd_bitmap_weather_mix_24dp_E3E3E3_FILL0_wght400_GRAD0_opsz24 [] PROGMEM = {
	0x00, 0x00, 0x00, 0x00, 0x00, 0x00, 0x00, 0x3c, 0x00, 0x00, 0xff, 0x00, 0x01, 0xc3, 0x80, 0x07, 
	0x81, 0x80, 0x0f, 0x00, 0xc0, 0x1c, 0x00, 0xe0, 0x38, 0x00, 0xf8, 0x30, 0x00, 0x18, 0x30, 0x00, 
	0x0c, 0x30, 0x00, 0x0c, 0x38, 0x00, 0x0c, 0x1c, 0x00, 0x18, 0x0f, 0xff, 0xf8, 0x07, 0xff, 0xf0, 
	0x00, 0x00, 0x00, 0x02, 0x01, 0x00, 0x07, 0x33, 0x80, 0x02, 0x61, 0x00, 0x00, 0xdc, 0x00, 0x00, 
	0x1c, 0x00, 0x00, 0x1c, 0x00, 0x00, 0x00, 0x00
};
// 'routine_24dp_E3E3E3_FILL0_wght400_GRAD0_opsz24', 24x24px
const unsigned char epd_bitmap_routine_24dp_E3E3E3_FILL0_wght400_GRAD0_opsz24 [] PROGMEM = {
	0x00, 0x18, 0x00, 0x00, 0x18, 0x00, 0x00, 0x18, 0x00, 0x08, 0x00, 0x10, 0x1c, 0x00, 0x38, 0x0c, 
	0x3e, 0x30, 0x00, 0x3f, 0x00, 0x01, 0x03, 0x80, 0x03, 0x00, 0xc0, 0x03, 0x80, 0xe0, 0x07, 0xc0, 
	0x60, 0xe6, 0xc0, 0x67, 0xe6, 0x60, 0x67, 0x06, 0x70, 0x60, 0x07, 0x3c, 0x00, 0x03, 0x0e, 0x00, 
	0x01, 0xc7, 0x80, 0x00, 0xff, 0x00, 0x0c, 0x7c, 0x30, 0x1c, 0x00, 0x38, 0x08, 0x00, 0x10, 0x00, 
	0x18, 0x00, 0x00, 0x18, 0x00, 0x00, 0x18, 0x00
};
// 'thunderstorm_24dp_E3E3E3_FILL0_wght400_GRAD0_opsz24', 24x24px
const unsigned char epd_bitmap_thunderstorm_24dp_E3E3E3_FILL0_wght400_GRAD0_opsz24 [] PROGMEM = {
	0x00, 0x00, 0x00, 0x00, 0x00, 0x00, 0x00, 0x3c, 0x00, 0x00, 0xff, 0x00, 0x01, 0xc3, 0x80, 0x07, 
	0x81, 0x80, 0x0f, 0x00, 0xc0, 0x1c, 0x00, 0xe0, 0x38, 0x00, 0xf8, 0x30, 0x00, 0x18, 0x30, 0x00, 
	0x0c, 0x30, 0x00, 0x0c, 0x38, 0x00, 0x0c, 0x1c, 0x00, 0x18, 0x0f, 0xff, 0xf8, 0x07, 0xff, 0xf0, 
	0x00, 0x00, 0x00, 0x00, 0xc3, 0x00, 0x01, 0xc3, 0x00, 0x01, 0x87, 0x80, 0x00, 0xc1, 0x00, 0x00, 
	0xc3, 0x00, 0x00, 0x80, 0x00, 0x00, 0x00, 0x00
};
// 'partly_cloudy_day_24dp_E3E3E3_FILL0_wght400_GRAD0_opsz24', 24x24px
const unsigned char epd_bitmap_partly_cloudy_day_24dp_E3E3E3_FILL0_wght400_GRAD0_opsz24 [] PROGMEM = {
	0x00, 0x00, 0x00, 0x00, 0x18, 0x00, 0x00, 0x18, 0x00, 0x00, 0x18, 0x00, 0x0c, 0x18, 0x30, 0x0e, 
	0x00, 0x70, 0x07, 0x3c, 0xe0, 0x02, 0xff, 0x40, 0x01, 0xc3, 0x80, 0x03, 0x81, 0x80, 0x03, 0x00, 
	0xc0, 0x0f, 0x00, 0xde, 0x3f, 0x80, 0xde, 0x30, 0xc0, 0xc0, 0x60, 0x71, 0x80, 0x60, 0x7b, 0x80, 
	0x60, 0x0f, 0x40, 0x60, 0x0c, 0xe0, 0x30, 0x0c, 0x70, 0x1f, 0xf8, 0x30, 0x0f, 0xf0, 0x00, 0x00, 
	0x00, 0x00, 0x00, 0x00, 0x00, 0x00, 0x00, 0x00
};
// 'clear_day_24dp_E3E3E3_FILL0_wght400_GRAD0_opsz24', 24x24px
const unsigned char epd_bitmap_clear_day_24dp_E3E3E3_FILL0_wght400_GRAD0_opsz24 [] PROGMEM = {
	0x00, 0x00, 0x00, 0x00, 0x18, 0x00, 0x00, 0x18, 0x00, 0x00, 0x18, 0x00, 0x0c, 0x18, 0x30, 0x0e, 
	0x00, 0x70, 0x07, 0x3c, 0xe0, 0x02, 0xff, 0x40, 0x01, 0xc3, 0x80, 0x01, 0x81, 0x80, 0x03, 0x00, 
	0xc0, 0x7b, 0x00, 0xde, 0x7b, 0x00, 0xde, 0x03, 0x00, 0xc0, 0x01, 0x81, 0x80, 0x01, 0xc3, 0x80, 
	0x02, 0xff, 0x40, 0x07, 0x3c, 0xe0, 0x0e, 0x00, 0x70, 0x0c, 0x18, 0x30, 0x00, 0x18, 0x00, 0x00, 
	0x18, 0x00, 0x00, 0x18, 0x00, 0x00, 0x00, 0x00
};
// 'bedtime_24dp_E3E3E3_FILL0_wght400_GRAD0_opsz24', 24x24px
const unsigned char epd_bitmap_bedtime_24dp_E3E3E3_FILL0_wght400_GRAD0_opsz24 [] PROGMEM = {
	0x00, 0x00, 0x00, 0x00, 0x00, 0x00, 0x00, 0x40, 0x00, 0x01, 0xc0, 0x00, 0x07, 0xc0, 0x00, 0x0e, 
	0xc0, 0x00, 0x0c, 0xc0, 0x00, 0x18, 0x60, 0x00, 0x18, 0x60, 0x00, 0x30, 0x30, 0x00, 0x30, 0x38, 
	0x00, 0x30, 0x1c, 0x00, 0x30, 0x0e, 0x00, 0x30, 0x07, 0x80, 0x30, 0x01, 0xfc, 0x18, 0x00, 0x78, 
	0x18, 0x00, 0x18, 0x0c, 0x00, 0x30, 0x06, 0x00, 0x70, 0x03, 0x81, 0xe0, 0x01, 0xff, 0x80, 0x00, 
	0x7e, 0x00, 0x00, 0x00, 0x00, 0x00, 0x00, 0x00
};
// 'rainy_24dp_E3E3E3_FILL0_wght400_GRAD0_opsz24', 24x24px
const unsigned char epd_bitmap_rainy_24dp_E3E3E3_FILL0_wght400_GRAD0_opsz24 [] PROGMEM = {
	0x00, 0x00, 0x00, 0x00, 0x00, 0x00, 0x00, 0x3c, 0x00, 0x00, 0xff, 0x00, 0x01, 0xc3, 0x80, 0x07, 
	0x81, 0x80, 0x0f, 0x00, 0xc0, 0x1c, 0x00, 0xe0, 0x38, 0x00, 0xf8, 0x30, 0x00, 0x18, 0x30, 0x00, 
	0x0c, 0x30, 0x00, 0x0c, 0x38, 0x00, 0x0c, 0x1c, 0x00, 0x18, 0x0f, 0xff, 0xf8, 0x07, 0xff, 0xf0, 
	0x00, 0x00, 0x00, 0x06, 0x18, 0x60, 0x06, 0x18, 0x60, 0x03, 0x0c, 0x30, 0x03, 0x0c, 0x30, 0x01, 
	0x04, 0x10, 0x00, 0x00, 0x00, 0x00, 0x00, 0x00
};
// 'sunny_24dp_E3E3E3_FILL0_wght400_GRAD0_opsz24', 24x24px
const unsigned char epd_bitmap_sunny_24dp_E3E3E3_FILL0_wght400_GRAD0_opsz24 [] PROGMEM = {
	0x00, 0x00, 0x00, 0x00, 0x18, 0x00, 0x00, 0x18, 0x00, 0x00, 0x18, 0x00, 0x0c, 0x18, 0x30, 0x0e, 
	0x00, 0x70, 0x07, 0x3c, 0xe0, 0x02, 0xff, 0x40, 0x01, 0xc3, 0x80, 0x01, 0x81, 0x80, 0x03, 0x00, 
	0xc0, 0x7b, 0x00, 0xde, 0x7b, 0x00, 0xde, 0x03, 0x00, 0xc0, 0x01, 0x81, 0x80, 0x01, 0xc3, 0x80, 
	0x02, 0xff, 0x40, 0x07, 0x3c, 0xe0, 0x0e, 0x00, 0x70, 0x0c, 0x18, 0x30, 0x00, 0x18, 0x00, 0x00, 
	0x18, 0x00, 0x00, 0x18, 0x00, 0x00, 0x00, 0x00
};
// 'water_drop_24dp_E3E3E3_FILL0_wght400_GRAD0_opsz24', 24x24px
const unsigned char epd_bitmap_water_drop_24dp_E3E3E3_FILL0_wght400_GRAD0_opsz24 [] PROGMEM = {
	0x00, 0x00, 0x00, 0x00, 0x00, 0x00, 0x00, 0x18, 0x00, 0x00, 0x3c, 0x00, 0x00, 0x7e, 0x00, 0x00, 
	0xe7, 0x00, 0x01, 0xc3, 0x80, 0x01, 0x81, 0x80, 0x03, 0x00, 0xc0, 0x07, 0x00, 0xe0, 0x06, 0x00, 
	0x60, 0x0e, 0x00, 0x70, 0x0c, 0x00, 0x30, 0x0c, 0x00, 0x30, 0x0d, 0x00, 0x30, 0x0d, 0x80, 0x30, 
	0x0e, 0x80, 0x70, 0x06, 0xf0, 0x60, 0x07, 0x38, 0xe0, 0x03, 0x81, 0xc0, 0x01, 0xff, 0x80, 0x00, 
	0x7e, 0x00, 0x00, 0x00, 0x00, 0x00, 0x00, 0x00
};
// 'sentiment_satisfied_24dp_E3E3E3_FILL0_wght400_GRAD0_opsz24', 24x24px
const unsigned char epd_bitmap_sentiment_satisfied_24dp_E3E3E3_FILL0_wght400_GRAD0_opsz24 [] PROGMEM = {
	0x00, 0x00, 0x00, 0x00, 0x00, 0x00, 0x00, 0x7e, 0x00, 0x01, 0xff, 0x80, 0x07, 0x81, 0xe0, 0x0e, 
	0x00, 0x70, 0x0c, 0x00, 0x30, 0x18, 0x00, 0x18, 0x19, 0xc3, 0x98, 0x31, 0xc3, 0x8c, 0x31, 0xc3, 
	0x8c, 0x30, 0x00, 0x0c, 0x30, 0x00, 0x0c, 0x30, 0x00, 0x0c, 0x31, 0x81, 0x8c, 0x18, 0xc3, 0x18, 
	0x18, 0x7e, 0x18, 0x0c, 0x00, 0x30, 0x0e, 0x00, 0x70, 0x03, 0x81, 0xe0, 0x01, 0xff, 0x80, 0x00, 
	0x7e, 0x00, 0x00, 0x00, 0x00, 0x00, 0x00, 0x00
};
// 'public_24dp_E3E3E3_FILL0_wght400_GRAD0_opsz24', 24x24px
const unsigned char epd_bitmap_public_24dp_E3E3E3_FILL0_wght400_GRAD0_opsz24 [] PROGMEM = {
	0x00, 0x00, 0x00, 0x00, 0x00, 0x00, 0x00, 0x7e, 0x00, 0x01, 0xff, 0x80, 0x07, 0xff, 0xe0, 0x0f, 
	0xfe, 0x70, 0x0f, 0xfc, 0x30, 0x1f, 0xe0, 0x18, 0x1f, 0xe0, 0x18, 0x3f, 0xe0, 0x0c, 0x37, 0x00, 
	0x0c, 0x33, 0x00, 0x0c, 0x31, 0xfe, 0x0c, 0x30, 0xfe, 0x0c, 0x30, 0x7e, 0x0c, 0x18, 0x7e, 0x18, 
	0x18, 0x7f, 0x98, 0x0c, 0x3f, 0xf0, 0x0e, 0x1f, 0xf0, 0x03, 0x9f, 0xe0, 0x01, 0xff, 0x80, 0x00, 
	0x7e, 0x00, 0x00, 0x00, 0x00, 0x00, 0x00, 0x00
};
// 'travel_explore_24dp_E3E3E3_FILL0_wght400_GRAD0_opsz24', 24x24px
const unsigned char epd_bitmap_travel_explore_24dp_E3E3E3_FILL0_wght400_GRAD0_opsz24 [] PROGMEM = {
	0x00, 0x00, 0x00, 0x00, 0x00, 0x00, 0x00, 0x7e, 0x00, 0x01, 0xff, 0x80, 0x07, 0xff, 0xe0, 0x0f, 
	0xfe, 0x70, 0x0f, 0xfc, 0x30, 0x1f, 0xe0, 0x18, 0x1f, 0xe0, 0x18, 0x3f, 0xe0, 0x0c, 0x37, 0x03, 
	0x80, 0x33, 0x0f, 0xe0, 0x31, 0xdc, 0x70, 0x30, 0xd8, 0x30, 0x30, 0x58, 0x30, 0x18, 0x18, 0x30, 
	0x18, 0x1c, 0x60, 0x0c, 0x0f, 0xf0, 0x0e, 0x03, 0xb8, 0x07, 0x80, 0x1c, 0x01, 0xf0, 0x0c, 0x00, 
	0x70, 0x00, 0x00, 0x00, 0x00, 0x00, 0x00, 0x00
};
// 'thumb_up_24dp_E3E3E3_FILL0_wght400_GRAD0_opsz24', 24x24px
const unsigned char epd_bitmap_thumb_up_24dp_E3E3E3_FILL0_wght400_GRAD0_opsz24 [] PROGMEM = {
	0x00, 0x00, 0x00, 0x00, 0x00, 0x00, 0x00, 0x06, 0x00, 0x00, 0x0f, 0x00, 0x00, 0x1e, 0x00, 0x00, 
	0x36, 0x00, 0x00, 0x66, 0x00, 0x00, 0xc6, 0x00, 0x3f, 0x8f, 0xfc, 0x3f, 0x8f, 0xfe, 0x31, 0x80, 
	0x06, 0x31, 0x80, 0x06, 0x31, 0x80, 0x06, 0x31, 0x80, 0x0c, 0x31, 0x80, 0x0c, 0x31, 0x80, 0x0c, 
	0x31, 0x80, 0x18, 0x31, 0x80, 0x18, 0x31, 0x80, 0x30, 0x3f, 0xff, 0xf0, 0x3f, 0xff, 0xe0, 0x00, 
	0x00, 0x00, 0x00, 0x00, 0x00, 0x00, 0x00, 0x00
};
// 'drag_pan_24dp_E3E3E3_FILL0_wght400_GRAD0_opsz24', 24x24px
const unsigned char epd_bitmap_drag_pan_24dp_E3E3E3_FILL0_wght400_GRAD0_opsz24 [] PROGMEM = {
	0x00, 0x00, 0x00, 0x00, 0x00, 0x00, 0x00, 0x00, 0x00, 0x00, 0x18, 0x00, 0x00, 0x3c, 0x00, 0x00, 
	0x7e, 0x00, 0x00, 0xdb, 0x00, 0x00, 0x18, 0x00, 0x02, 0x18, 0x40, 0x06, 0x18, 0x60, 0x0c, 0x18, 
	0x30, 0x1f, 0xff, 0xf8, 0x1f, 0xff, 0xf8, 0x0c, 0x18, 0x30, 0x06, 0x18, 0x60, 0x02, 0x18, 0x40, 
	0x00, 0x18, 0x00, 0x00, 0xdb, 0x00, 0x00, 0x7e, 0x00, 0x00, 0x3c, 0x00, 0x00, 0x18, 0x00, 0x00, 
	0x00, 0x00, 0x00, 0x00, 0x00, 0x00, 0x00, 0x00
};
// 'steppers_24dp_E3E3E3_FILL0_wght400_GRAD0_opsz24', 24x24px
const unsigned char epd_bitmap_steppers_24dp_E3E3E3_FILL0_wght400_GRAD0_opsz24 [] PROGMEM = {
	0x00, 0x00, 0x00, 0x00, 0x00, 0x00, 0x00, 0x00, 0x00, 0x00, 0x00, 0x00, 0x00, 0x00, 0x00, 0x00, 
	0x00, 0x00, 0x00, 0x00, 0x00, 0x00, 0x00, 0x00, 0x00, 0x00, 0x00, 0x0e, 0x1c, 0x38, 0x1f, 0x3e, 
	0x7c, 0x33, 0x66, 0xfc, 0x33, 0x66, 0xfc, 0x3e, 0x7c, 0xf8, 0x1e, 0x3c, 0x78, 0x00, 0x00, 0x00, 
	0x00, 0x00, 0x00, 0x00, 0x00, 0x00, 0x00, 0x00, 0x00, 0x00, 0x00, 0x00, 0x00, 0x00, 0x00, 0x00, 
	0x00, 0x00, 0x00, 0x00, 0x00, 0x00, 0x00, 0x00
};
// 'captive_portal_24dp_E3E3E3_FILL0_wght400_GRAD0_opsz24', 24x24px
const unsigned char epd_bitmap_captive_portal_24dp_E3E3E3_FILL0_wght400_GRAD0_opsz24 [] PROGMEM = {
	0x00, 0x00, 0x00, 0x00, 0x00, 0x00, 0x00, 0x7e, 0x00, 0x01, 0xff, 0x80, 0x07, 0xff, 0xe0, 0x0e, 
	0x66, 0x70, 0x0c, 0x66, 0x30, 0x18, 0xc3, 0x18, 0x1f, 0xff, 0xf8, 0x3f, 0xff, 0xfc, 0x30, 0xc3, 
	0x0c, 0x30, 0x81, 0x0c, 0x30, 0x81, 0x0c, 0x30, 0xc3, 0x0c, 0x3f, 0xf8, 0x00, 0x1f, 0xf8, 0x00, 
	0x18, 0xc0, 0xfc, 0x0c, 0x60, 0xfc, 0x0e, 0x60, 0xf0, 0x03, 0xf0, 0xf8, 0x01, 0xfc, 0xdc, 0x00, 
	0x7c, 0xcc, 0x00, 0x00, 0x00, 0x00, 0x00, 0x00
};
// 'view_comfy_alt_24dp_E3E3E3_FILL0_wght400_GRAD0_opsz24', 24x24px
const unsigned char epd_bitmap_view_comfy_alt_24dp_E3E3E3_FILL0_wght400_GRAD0_opsz24 [] PROGMEM = {
	0x00, 0x00, 0x00, 0x00, 0x00, 0x00, 0x3f, 0xc3, 0xfc, 0x3f, 0xc3, 0xfc, 0x30, 0xc3, 0x0c, 0x30, 
	0xc3, 0x0c, 0x30, 0xc3, 0x0c, 0x30, 0xc3, 0x0c, 0x3f, 0xc3, 0xfc, 0x3f, 0xc3, 0xfc, 0x00, 0x00, 
	0x00, 0x00, 0x00, 0x00, 0x00, 0x00, 0x00, 0x00, 0x00, 0x00, 0x3f, 0xc3, 0xfc, 0x3f, 0xc3, 0xfc, 
	0x30, 0xc3, 0x0c, 0x30, 0xc3, 0x0c, 0x30, 0xc3, 0x0c, 0x30, 0xc3, 0x0c, 0x3f, 0xc3, 0xfc, 0x3f, 
	0xc3, 0xfc, 0x00, 0x00, 0x00, 0x00, 0x00, 0x00
};
// 'view_cozy_24dp_E3E3E3_FILL0_wght400_GRAD0_opsz24', 24x24px
const unsigned char epd_bitmap_view_cozy_24dp_E3E3E3_FILL0_wght400_GRAD0_opsz24 [] PROGMEM = {
	0x00, 0x00, 0x00, 0x00, 0x00, 0x00, 0x00, 0x00, 0x00, 0x0f, 0xc3, 0xf0, 0x1f, 0xc3, 0xf8, 0x18, 
	0x42, 0x18, 0x18, 0x42, 0x18, 0x18, 0x42, 0x18, 0x18, 0xc3, 0x18, 0x1f, 0xc3, 0xf8, 0x00, 0x00, 
	0x00, 0x00, 0x00, 0x00, 0x00, 0x00, 0x00, 0x00, 0x00, 0x00, 0x1f, 0xc3, 0xf8, 0x18, 0xc3, 0x18, 
	0x18, 0x42, 0x18, 0x18, 0x42, 0x18, 0x18, 0x42, 0x18, 0x1f, 0xc3, 0xf8, 0x0f, 0xc3, 0xf0, 0x00, 
	0x00, 0x00, 0x00, 0x00, 0x00, 0x00, 0x00, 0x00
};
// 'sync_disabled_24dp_E3E3E3_FILL0_wght400_GRAD0_opsz24', 24x24px
const unsigned char epd_bitmap_sync_disabled_24dp_E3E3E3_FILL0_wght400_GRAD0_opsz24 [] PROGMEM = {
	0x00, 0x00, 0x00, 0x00, 0x00, 0x00, 0x00, 0x00, 0x00, 0x20, 0x00, 0x00, 0x30, 0x43, 0xf0, 0x18, 
	0xc3, 0xf0, 0x0c, 0x03, 0xc0, 0x06, 0x03, 0xe0, 0x07, 0x03, 0x60, 0x0f, 0x83, 0x70, 0x0c, 0xc0, 
	0x30, 0x0c, 0x60, 0x30, 0x0c, 0x30, 0x30, 0x0c, 0x18, 0x30, 0x0e, 0xcc, 0x30, 0x06, 0xc6, 0x20, 
	0x07, 0xc3, 0x00, 0x03, 0xc3, 0x80, 0x0f, 0xc3, 0xc0, 0x0f, 0xc2, 0x60, 0x00, 0x00, 0x30, 0x00, 
	0x00, 0x18, 0x00, 0x00, 0x00, 0x00, 0x00, 0x00
};
// 'apps_outage_24dp_E3E3E3_FILL0_wght400_GRAD0_opsz24', 24x24px
const unsigned char epd_bitmap_apps_outage_24dp_E3E3E3_FILL0_wght400_GRAD0_opsz24 [] PROGMEM = {
	0x00, 0x00, 0x78, 0x00, 0x01, 0xfc, 0x00, 0x01, 0xce, 0x00, 0x03, 0xcf, 0x06, 0x13, 0xcf, 0x0f, 
	0x33, 0xcf, 0x0f, 0x33, 0xff, 0x06, 0x11, 0xfe, 0x00, 0x00, 0xfe, 0x00, 0x00, 0x78, 0x06, 0x18, 
	0x00, 0x0f, 0x3c, 0x00, 0x0f, 0x3c, 0xf0, 0x06, 0x18, 0x60, 0x00, 0x00, 0x00, 0x00, 0x00, 0x00, 
	0x06, 0x18, 0x60, 0x0f, 0x3c, 0xf0, 0x0f, 0x3c, 0xf0, 0x06, 0x18, 0x60, 0x00, 0x00, 0x00, 0x00, 
	0x00, 0x00, 0x00, 0x00, 0x00, 0x00, 0x00, 0x00
};
// 'install_desktop_24dp_E3E3E3_FILL0_wght400_GRAD0_opsz24', 24x24px
const unsigned char epd_bitmap_install_desktop_24dp_E3E3E3_FILL0_wght400_GRAD0_opsz24 [] PROGMEM = {
	0x00, 0x00, 0x00, 0x00, 0x00, 0x00, 0x00, 0x00, 0x00, 0x1f, 0xf0, 0xc0, 0x3f, 0xf0, 0xc0, 0x30, 
	0x00, 0xc0, 0x30, 0x00, 0xc0, 0x30, 0x00, 0xc0, 0x30, 0x04, 0xc8, 0x30, 0x06, 0xd8, 0x30, 0x03, 
	0xf0, 0x30, 0x01, 0xe0, 0x30, 0x00, 0xc0, 0x30, 0x00, 0x00, 0x30, 0x00, 0x0c, 0x30, 0x00, 0x0c, 
	0x30, 0x00, 0x0c, 0x3f, 0xff, 0xfc, 0x1f, 0xff, 0xf8, 0x00, 0xff, 0x00, 0x00, 0xff, 0x00, 0x00, 
	0x00, 0x00, 0x00, 0x00, 0x00, 0x00, 0x00, 0x00
};
// 'browse_activity_24dp_E3E3E3_FILL0_wght400_GRAD0_opsz24', 24x24px
const unsigned char epd_bitmap_browse_activity_24dp_E3E3E3_FILL0_wght400_GRAD0_opsz24 [] PROGMEM = {
	0x00, 0x00, 0x00, 0x00, 0x00, 0x00, 0x00, 0x00, 0x00, 0x1f, 0xff, 0xf8, 0x3f, 0xff, 0xfc, 0x30, 
	0x00, 0x0c, 0x30, 0x06, 0x0c, 0x30, 0x06, 0x0c, 0x30, 0x0f, 0x0c, 0x3f, 0x9f, 0xfc, 0x3f, 0x99, 
	0xfc, 0x30, 0xf8, 0x0c, 0x30, 0xf0, 0x0c, 0x30, 0x60, 0x0c, 0x30, 0x60, 0x0c, 0x30, 0x00, 0x0c, 
	0x3f, 0xff, 0xfc, 0x1f, 0xff, 0xf8, 0x00, 0x00, 0x00, 0x7f, 0xff, 0xfe, 0x7f, 0xff, 0xfe, 0x00, 
	0x00, 0x00, 0x00, 0x00, 0x00, 0x00, 0x00, 0x00
};
// 'move_up_24dp_E3E3E3_FILL0_wght400_GRAD0_opsz24', 24x24px
const unsigned char epd_bitmap_move_up_24dp_E3E3E3_FILL0_wght400_GRAD0_opsz24 [] PROGMEM = {
	0x00, 0x00, 0x00, 0x00, 0x00, 0x00, 0x00, 0x00, 0x00, 0x00, 0x00, 0x00, 0x03, 0x07, 0xfc, 0x01, 
	0x87, 0xfc, 0x03, 0xc7, 0xfc, 0x0f, 0xc7, 0xfc, 0x1d, 0x87, 0xfc, 0x33, 0x07, 0xfc, 0x70, 0x07, 
	0xfc, 0x60, 0x00, 0x00, 0x60, 0x00, 0x00, 0x60, 0x07, 0xfc, 0x60, 0x07, 0xfc, 0x30, 0x06, 0x0c, 
	0x30, 0x06, 0x0c, 0x1c, 0x06, 0x0c, 0x0f, 0xe7, 0xfc, 0x03, 0xe7, 0xfc, 0x00, 0x00, 0x00, 0x00, 
	0x00, 0x00, 0x00, 0x00, 0x00, 0x00, 0x00, 0x00
};
// 'browse_gallery_24dp_E3E3E3_FILL0_wght400_GRAD0_opsz24', 24x24px
const unsigned char epd_bitmap_browse_gallery_24dp_E3E3E3_FILL0_wght400_GRAD0_opsz24 [] PROGMEM = {
	0x00, 0x00, 0x00, 0x00, 0x00, 0x00, 0x00, 0x00, 0x00, 0x03, 0xf0, 0x00, 0x0f, 0xfc, 0x30, 0x1c, 
	0x0e, 0x38, 0x38, 0x07, 0x1c, 0x70, 0xc3, 0x8e, 0x60, 0xc1, 0x86, 0xc0, 0xc0, 0xc3, 0xc0, 0xc0, 
	0xc3, 0xc0, 0xc0, 0xc3, 0xc0, 0xe0, 0xc3, 0xc0, 0x70, 0xc3, 0xc0, 0x38, 0xc3, 0x60, 0x11, 0x86, 
	0x70, 0x03, 0x8e, 0x38, 0x07, 0x1c, 0x1c, 0x0e, 0x38, 0x0f, 0xfc, 0x30, 0x03, 0xf0, 0x00, 0x00, 
	0x00, 0x00, 0x00, 0x00, 0x00, 0x00, 0x00, 0x00
};
// 'css_24dp_E3E3E3_FILL0_wght400_GRAD0_opsz24', 24x24px
const unsigned char epd_bitmap_css_24dp_E3E3E3_FILL0_wght400_GRAD0_opsz24 [] PROGMEM = {
	0x00, 0x00, 0x00, 0x00, 0x00, 0x00, 0x00, 0x00, 0x00, 0x00, 0x00, 0x00, 0x00, 0x00, 0x00, 0x00, 
	0x00, 0x00, 0x00, 0x00, 0x00, 0x00, 0x00, 0x00, 0x00, 0x00, 0x00, 0x1f, 0x3c, 0xf8, 0x1b, 0x24, 
	0xd8, 0x10, 0x20, 0xc0, 0x10, 0x04, 0x18, 0x1b, 0x24, 0xd8, 0x1f, 0x3c, 0xf8, 0x00, 0x00, 0x00, 
	0x00, 0x00, 0x00, 0x00, 0x00, 0x00, 0x00, 0x00, 0x00, 0x00, 0x00, 0x00, 0x00, 0x00, 0x00, 0x00, 
	0x00, 0x00, 0x00, 0x00, 0x00, 0x00, 0x00, 0x00
};
// 'select_all_24dp_E3E3E3_FILL0_wght400_GRAD0_opsz24', 24x24px
const unsigned char epd_bitmap_select_all_24dp_E3E3E3_FILL0_wght400_GRAD0_opsz24 [] PROGMEM = {
	0x00, 0x00, 0x00, 0x00, 0x00, 0x00, 0x00, 0x00, 0x00, 0x09, 0x99, 0x90, 0x19, 0x99, 0x98, 0x00, 
	0x00, 0x00, 0x00, 0x00, 0x00, 0x19, 0xff, 0x98, 0x19, 0xff, 0x98, 0x01, 0x81, 0x80, 0x01, 0x81, 
	0x80, 0x19, 0x81, 0x98, 0x19, 0x81, 0x98, 0x01, 0x81, 0x80, 0x01, 0x81, 0x80, 0x19, 0xff, 0x98, 
	0x19, 0xff, 0x98, 0x00, 0x00, 0x00, 0x00, 0x00, 0x00, 0x19, 0x99, 0x98, 0x09, 0x99, 0x90, 0x00, 
	0x00, 0x00, 0x00, 0x00, 0x00, 0x00, 0x00, 0x00
};
// 'download_done_24dp_E3E3E3_FILL0_wght400_GRAD0_opsz24', 24x24px
const unsigned char epd_bitmap_download_done_24dp_E3E3E3_FILL0_wght400_GRAD0_opsz24 [] PROGMEM = {
	0x00, 0x00, 0x00, 0x00, 0x00, 0x00, 0x00, 0x00, 0x00, 0x00, 0x00, 0x00, 0x00, 0x00, 0x20, 0x00, 
	0x00, 0x70, 0x00, 0x00, 0xe0, 0x00, 0x01, 0xc0, 0x00, 0x03, 0x80, 0x04, 0x07, 0x00, 0x0e, 0x0e, 
	0x00, 0x07, 0x1c, 0x00, 0x03, 0xb8, 0x00, 0x01, 0xf0, 0x00, 0x00, 0xe0, 0x00, 0x00, 0x40, 0x00, 
	0x00, 0x00, 0x00, 0x00, 0x00, 0x00, 0x07, 0xff, 0xe0, 0x07, 0xff, 0xe0, 0x00, 0x00, 0x00, 0x00, 
	0x00, 0x00, 0x00, 0x00, 0x00, 0x00, 0x00, 0x00
};
// 'filter_alt_off_24dp_E3E3E3_FILL0_wght400_GRAD0_opsz24', 24x24px
const unsigned char epd_bitmap_filter_alt_off_24dp_E3E3E3_FILL0_wght400_GRAD0_opsz24 [] PROGMEM = {
	0x00, 0x00, 0x00, 0x00, 0x00, 0x00, 0x00, 0x00, 0x00, 0x20, 0x00, 0x00, 0x31, 0xff, 0xf0, 0x18, 
	0xff, 0xf0, 0x0c, 0x00, 0x60, 0x06, 0x00, 0xc0, 0x03, 0x01, 0x80, 0x01, 0x83, 0x80, 0x00, 0xc3, 
	0x00, 0x00, 0x62, 0x00, 0x00, 0x30, 0x00, 0x00, 0x38, 0x00, 0x00, 0x3c, 0x00, 0x00, 0x3e, 0x00, 
	0x00, 0x3f, 0x00, 0x00, 0x3d, 0x80, 0x00, 0x3c, 0xc0, 0x00, 0x3c, 0x60, 0x00, 0x00, 0x30, 0x00, 
	0x00, 0x18, 0x00, 0x00, 0x00, 0x00, 0x00, 0x00
};
// 'heart_plus_24dp_E3E3E3_FILL0_wght400_GRAD0_opsz24', 24x24px
const unsigned char epd_bitmap_heart_plus_24dp_E3E3E3_FILL0_wght400_GRAD0_opsz24 [] PROGMEM = {
	0x00, 0x00, 0x00, 0x00, 0x00, 0x00, 0x00, 0x00, 0x00, 0x0f, 0x87, 0xc0, 0x1f, 0xcf, 0xe0, 0x38, 
	0xfc, 0x70, 0x70, 0x30, 0x38, 0x60, 0x00, 0x00, 0x60, 0x00, 0x00, 0x60, 0x00, 0x30, 0x70, 0x00, 
	0x30, 0x30, 0x00, 0x30, 0x38, 0x01, 0xfe, 0x1c, 0x01, 0xfe, 0x0e, 0x00, 0x30, 0x07, 0x00, 0x30, 
	0x03, 0x86, 0x30, 0x01, 0xce, 0x00, 0x00, 0xfc, 0x00, 0x00, 0x78, 0x00, 0x00, 0x30, 0x00, 0x00, 
	0x00, 0x00, 0x00, 0x00, 0x00, 0x00, 0x00, 0x00
};
// 'sort_by_alpha_24dp_E3E3E3_FILL0_wght400_GRAD0_opsz24', 24x24px
const unsigned char epd_bitmap_sort_by_alpha_24dp_E3E3E3_FILL0_wght400_GRAD0_opsz24 [] PROGMEM = {
	0x00, 0x00, 0x00, 0x00, 0x00, 0x00, 0x00, 0x00, 0x00, 0x00, 0x18, 0x00, 0x00, 0x3c, 0x00, 0x00, 
	0x00, 0x00, 0x00, 0x00, 0x00, 0x03, 0x03, 0xf8, 0x07, 0x03, 0xf8, 0x07, 0x80, 0x30, 0x0d, 0x80, 
	0x70, 0x0c, 0xc0, 0x60, 0x0c, 0xc0, 0xc0, 0x1f, 0xc1, 0x80, 0x1f, 0xe3, 0x00, 0x18, 0x63, 0xf8, 
	0x30, 0x63, 0xf8, 0x00, 0x00, 0x00, 0x00, 0x00, 0x00, 0x00, 0x3c, 0x00, 0x00, 0x18, 0x00, 0x00, 
	0x00, 0x00, 0x00, 0x00, 0x00, 0x00, 0x00, 0x00
};
// 'delete_sweep_24dp_E3E3E3_FILL0_wght400_GRAD0_opsz24', 24x24px
const unsigned char epd_bitmap_delete_sweep_24dp_E3E3E3_FILL0_wght400_GRAD0_opsz24 [] PROGMEM = {
	0x00, 0x00, 0x00, 0x00, 0x00, 0x00, 0x00, 0x00, 0x00, 0x00, 0x00, 0x00, 0x00, 0x00, 0x00, 0x03, 
	0xc0, 0x00, 0x3f, 0xfc, 0x00, 0x3f, 0xfc, 0x00, 0x18, 0x19, 0xfc, 0x18, 0x19, 0xfc, 0x18, 0x18, 
	0x00, 0x18, 0x18, 0x00, 0x18, 0x19, 0xf8, 0x18, 0x19, 0xf8, 0x18, 0x18, 0x00, 0x18, 0x18, 0x00, 
	0x18, 0x19, 0xe0, 0x1f, 0xf9, 0xe0, 0x0f, 0xf0, 0x00, 0x00, 0x00, 0x00, 0x00, 0x00, 0x00, 0x00, 
	0x00, 0x00, 0x00, 0x00, 0x00, 0x00, 0x00, 0x00
};
// 'zoom_out_24dp_E3E3E3_FILL0_wght400_GRAD0_opsz24', 24x24px
const unsigned char epd_bitmap_zoom_out_24dp_E3E3E3_FILL0_wght400_GRAD0_opsz24 [] PROGMEM = {
	0x00, 0x00, 0x00, 0x00, 0x00, 0x00, 0x00, 0x00, 0x00, 0x01, 0xf0, 0x00, 0x07, 0xfc, 0x00, 0x0e, 
	0x0e, 0x00, 0x0c, 0x06, 0x00, 0x18, 0x03, 0x00, 0x18, 0x03, 0x00, 0x19, 0xf3, 0x00, 0x18, 0x03, 
	0x00, 0x18, 0x03, 0x00, 0x0c, 0x06, 0x00, 0x0e, 0x0e, 0x00, 0x07, 0xff, 0x00, 0x01, 0xf3, 0x80, 
	0x00, 0x01, 0xc0, 0x00, 0x00, 0xe0, 0x00, 0x00, 0x70, 0x00, 0x00, 0x38, 0x00, 0x00, 0x10, 0x00, 
	0x00, 0x00, 0x00, 0x00, 0x00, 0x00, 0x00, 0x00
};
// 'html_24dp_E3E3E3_FILL0_wght400_GRAD0_opsz24', 24x24px
const unsigned char epd_bitmap_html_24dp_E3E3E3_FILL0_wght400_GRAD0_opsz24 [] PROGMEM = {
	0x00, 0x00, 0x00, 0x00, 0x00, 0x00, 0x00, 0x00, 0x00, 0x00, 0x00, 0x00, 0x00, 0x00, 0x00, 0x00, 
	0x00, 0x00, 0x00, 0x00, 0x00, 0x00, 0x00, 0x00, 0x00, 0x00, 0x00, 0x8b, 0xef, 0xc8, 0x88, 0x8f, 
	0x48, 0xf8, 0x89, 0x48, 0xd8, 0x89, 0x48, 0x88, 0x89, 0x4c, 0x88, 0x88, 0x4f, 0x00, 0x00, 0x00, 
	0x00, 0x00, 0x00, 0x00, 0x00, 0x00, 0x00, 0x00, 0x00, 0x00, 0x00, 0x00, 0x00, 0x00, 0x00, 0x00, 
	0x00, 0x00, 0x00, 0x00, 0x00, 0x00, 0x00, 0x00
};
// 'settings_applications_24dp_E3E3E3_FILL0_wght400_GRAD0_opsz24', 24x24px
const unsigned char epd_bitmap_settings_applications_24dp_E3E3E3_FILL0_wght400_GRAD0_opsz24 [] PROGMEM = {
	0x00, 0x00, 0x00, 0x00, 0x00, 0x00, 0x00, 0x00, 0x00, 0x0f, 0xff, 0xf0, 0x1f, 0xff, 0xf8, 0x18, 
	0x00, 0x18, 0x18, 0x00, 0x18, 0x18, 0x18, 0x18, 0x18, 0x18, 0x18, 0x18, 0xff, 0x18, 0x19, 0xe7, 
	0x98, 0x18, 0xc3, 0x18, 0x18, 0xc3, 0x18, 0x19, 0xe7, 0x98, 0x18, 0xff, 0x18, 0x18, 0x18, 0x18, 
	0x18, 0x18, 0x18, 0x18, 0x00, 0x18, 0x18, 0x00, 0x18, 0x1f, 0xff, 0xf8, 0x0f, 0xff, 0xf0, 0x00, 
	0x00, 0x00, 0x00, 0x00, 0x00, 0x00, 0x00, 0x00
};
// 'downloading_24dp_E3E3E3_FILL0_wght400_GRAD0_opsz24', 24x24px
const unsigned char epd_bitmap_downloading_24dp_E3E3E3_FILL0_wght400_GRAD0_opsz24 [] PROGMEM = {
	0x00, 0x00, 0x00, 0x00, 0x00, 0x00, 0x00, 0x66, 0x00, 0x01, 0xe7, 0x80, 0x07, 0x81, 0xc0, 0x0e, 
	0x00, 0x00, 0x0c, 0x00, 0x10, 0x18, 0x18, 0x18, 0x18, 0x18, 0x18, 0x30, 0x18, 0x0c, 0x30, 0x18, 
	0x0c, 0x31, 0x99, 0x00, 0x30, 0xdb, 0x00, 0x30, 0x7e, 0x0c, 0x30, 0x3c, 0x0c, 0x18, 0x18, 0x18, 
	0x18, 0x00, 0x18, 0x0c, 0x00, 0x10, 0x0e, 0x00, 0x00, 0x03, 0x81, 0xc0, 0x01, 0xe7, 0x80, 0x00, 
	0x66, 0x00, 0x00, 0x00, 0x00, 0x00, 0x00, 0x00
};
// 'create_new_folder_24dp_E3E3E3_FILL0_wght400_GRAD0_opsz24', 24x24px
const unsigned char epd_bitmap_create_new_folder_24dp_E3E3E3_FILL0_wght400_GRAD0_opsz24 [] PROGMEM = {
	0x00, 0x00, 0x00, 0x00, 0x00, 0x00, 0x00, 0x00, 0x00, 0x00, 0x00, 0x00, 0x1f, 0xc0, 0x00, 0x3f, 
	0xe0, 0x00, 0x30, 0x3f, 0xf8, 0x30, 0x1f, 0xfc, 0x30, 0x00, 0x0c, 0x30, 0x00, 0x0c, 0x30, 0x03, 
	0x0c, 0x30, 0x03, 0x0c, 0x30, 0x0f, 0xcc, 0x30, 0x0f, 0xcc, 0x30, 0x03, 0x0c, 0x30, 0x03, 0x0c, 
	0x30, 0x00, 0x0c, 0x30, 0x00, 0x0c, 0x3f, 0xff, 0xfc, 0x1f, 0xff, 0xf8, 0x00, 0x00, 0x00, 0x00, 
	0x00, 0x00, 0x00, 0x00, 0x00, 0x00, 0x00, 0x00
};
// 'upload_24dp_E3E3E3_FILL0_wght400_GRAD0_opsz24', 24x24px
const unsigned char epd_bitmap_upload_24dp_E3E3E3_FILL0_wght400_GRAD0_opsz24 [] PROGMEM = {
	0x00, 0x00, 0x00, 0x00, 0x00, 0x00, 0x00, 0x00, 0x00, 0x00, 0x00, 0x00, 0x00, 0x00, 0x00, 0x00, 
	0x18, 0x00, 0x00, 0x3c, 0x00, 0x00, 0x7e, 0x00, 0x00, 0xdb, 0x00, 0x00, 0x99, 0x00, 0x00, 0x18, 
	0x00, 0x00, 0x18, 0x00, 0x00, 0x18, 0x00, 0x00, 0x18, 0x00, 0x00, 0x18, 0x00, 0x0c, 0x18, 0x30, 
	0x0c, 0x00, 0x30, 0x0c, 0x00, 0x30, 0x0f, 0xff, 0xf0, 0x07, 0xff, 0xe0, 0x00, 0x00, 0x00, 0x00, 
	0x00, 0x00, 0x00, 0x00, 0x00, 0x00, 0x00, 0x00
};
// 'arrow_circle_left_24dp_E3E3E3_FILL0_wght400_GRAD0_opsz24', 24x24px
const unsigned char epd_bitmap_arrow_circle_left_24dp_E3E3E3_FILL0_wght400_GRAD0_opsz24 [] PROGMEM = {
	0x00, 0x00, 0x00, 0x00, 0x00, 0x00, 0x00, 0x7e, 0x00, 0x01, 0xff, 0x80, 0x07, 0x81, 0xe0, 0x0e, 
	0x00, 0x70, 0x0c, 0x00, 0x30, 0x18, 0x00, 0x18, 0x18, 0x00, 0x18, 0x30, 0x18, 0x0c, 0x30, 0x30, 
	0x0c, 0x30, 0x7f, 0x0c, 0x30, 0x7f, 0x0c, 0x30, 0x30, 0x0c, 0x30, 0x18, 0x0c, 0x18, 0x00, 0x18, 
	0x18, 0x00, 0x18, 0x0c, 0x00, 0x30, 0x0e, 0x00, 0x70, 0x03, 0x81, 0xe0, 0x01, 0xff, 0x80, 0x00, 
	0x7e, 0x00, 0x00, 0x00, 0x00, 0x00, 0x00, 0x00
};
// 'start_24dp_E3E3E3_FILL0_wght400_GRAD0_opsz24', 24x24px
const unsigned char epd_bitmap_start_24dp_E3E3E3_FILL0_wght400_GRAD0_opsz24 [] PROGMEM = {
	0x00, 0x00, 0x00, 0x00, 0x00, 0x00, 0x00, 0x00, 0x00, 0x00, 0x00, 0x00, 0x00, 0x00, 0x00, 0x00, 
	0x00, 0x00, 0x30, 0x00, 0x00, 0x30, 0x01, 0x80, 0x30, 0x00, 0xc0, 0x30, 0x00, 0x60, 0x30, 0x00, 
	0x30, 0x33, 0xff, 0xf8, 0x33, 0xff, 0xf8, 0x30, 0x00, 0x30, 0x30, 0x00, 0x60, 0x30, 0x00, 0xc0, 
	0x30, 0x01, 0x80, 0x30, 0x00, 0x00, 0x00, 0x00, 0x00, 0x00, 0x00, 0x00, 0x00, 0x00, 0x00, 0x00, 
	0x00, 0x00, 0x00, 0x00, 0x00, 0x00, 0x00, 0x00
};
// 'file_open_24dp_E3E3E3_FILL0_wght400_GRAD0_opsz24', 24x24px
const unsigned char epd_bitmap_file_open_24dp_E3E3E3_FILL0_wght400_GRAD0_opsz24 [] PROGMEM = {
	0x00, 0x00, 0x00, 0x00, 0x00, 0x00, 0x07, 0xfc, 0x00, 0x0f, 0xfe, 0x00, 0x0c, 0x07, 0x00, 0x0c, 
	0x07, 0x80, 0x0c, 0x07, 0xc0, 0x0c, 0x07, 0xe0, 0x0c, 0x07, 0xf0, 0x0c, 0x00, 0x30, 0x0c, 0x00, 
	0x30, 0x0c, 0x00, 0x30, 0x0c, 0x00, 0x30, 0x0c, 0x00, 0x30, 0x0c, 0x00, 0x00, 0x0c, 0x00, 0x00, 
	0x0c, 0x00, 0x7e, 0x0c, 0x00, 0x7e, 0x0c, 0x00, 0x78, 0x0c, 0x00, 0x7c, 0x0f, 0xfe, 0x6e, 0x07, 
	0xfe, 0x66, 0x00, 0x00, 0x00, 0x00, 0x00, 0x00
};
// 'minimize_24dp_E3E3E3_FILL0_wght400_GRAD0_opsz24', 24x24px
const unsigned char epd_bitmap_minimize_24dp_E3E3E3_FILL0_wght400_GRAD0_opsz24 [] PROGMEM = {
	0x00, 0x00, 0x00, 0x00, 0x00, 0x00, 0x00, 0x00, 0x00, 0x00, 0x00, 0x00, 0x00, 0x00, 0x00, 0x00, 
	0x00, 0x00, 0x00, 0x00, 0x00, 0x00, 0x00, 0x00, 0x00, 0x00, 0x00, 0x00, 0x00, 0x00, 0x00, 0x00, 
	0x00, 0x00, 0x00, 0x00, 0x00, 0x00, 0x00, 0x00, 0x00, 0x00, 0x00, 0x00, 0x00, 0x00, 0x00, 0x00, 
	0x00, 0x00, 0x00, 0x00, 0x00, 0x00, 0x00, 0x00, 0x00, 0x03, 0xff, 0xc0, 0x03, 0xff, 0xc0, 0x00, 
	0x00, 0x00, 0x00, 0x00, 0x00, 0x00, 0x00, 0x00
};
// 'open_with_24dp_E3E3E3_FILL0_wght400_GRAD0_opsz24', 24x24px
const unsigned char epd_bitmap_open_with_24dp_E3E3E3_FILL0_wght400_GRAD0_opsz24 [] PROGMEM = {
	0x00, 0x00, 0x00, 0x00, 0x00, 0x00, 0x00, 0x00, 0x00, 0x00, 0x18, 0x00, 0x00, 0x3c, 0x00, 0x00, 
	0x7e, 0x00, 0x00, 0xdb, 0x00, 0x00, 0x18, 0x00, 0x02, 0x18, 0x40, 0x06, 0x18, 0x60, 0x0c, 0x00, 
	0x30, 0x1f, 0xc3, 0xf8, 0x1f, 0xc3, 0xf8, 0x0c, 0x00, 0x30, 0x06, 0x18, 0x60, 0x02, 0x18, 0x40, 
	0x00, 0x18, 0x00, 0x00, 0xdb, 0x00, 0x00, 0x7e, 0x00, 0x00, 0x3c, 0x00, 0x00, 0x18, 0x00, 0x00, 
	0x00, 0x00, 0x00, 0x00, 0x00, 0x00, 0x00, 0x00
};
// 'arrow_circle_up_24dp_E3E3E3_FILL0_wght400_GRAD0_opsz24', 24x24px
const unsigned char epd_bitmap_arrow_circle_up_24dp_E3E3E3_FILL0_wght400_GRAD0_opsz24 [] PROGMEM = {
	0x00, 0x00, 0x00, 0x00, 0x00, 0x00, 0x00, 0x7e, 0x00, 0x01, 0xff, 0x80, 0x07, 0x81, 0xe0, 0x0e, 
	0x00, 0x70, 0x0c, 0x00, 0x30, 0x18, 0x00, 0x18, 0x18, 0x00, 0x18, 0x30, 0x18, 0x0c, 0x30, 0x3c, 
	0x0c, 0x30, 0x7e, 0x0c, 0x30, 0x5a, 0x0c, 0x30, 0x18, 0x0c, 0x30, 0x18, 0x0c, 0x18, 0x18, 0x18, 
	0x18, 0x00, 0x18, 0x0c, 0x00, 0x30, 0x0e, 0x00, 0x70, 0x03, 0x81, 0xe0, 0x01, 0xff, 0x80, 0x00, 
	0x7e, 0x00, 0x00, 0x00, 0x00, 0x00, 0x00, 0x00
};
// 'app_registration_24dp_E3E3E3_FILL0_wght400_GRAD0_opsz24', 24x24px
const unsigned char epd_bitmap_app_registration_24dp_E3E3E3_FILL0_wght400_GRAD0_opsz24 [] PROGMEM = {
	0x00, 0x00, 0x00, 0x00, 0x00, 0x00, 0x00, 0x00, 0x00, 0x00, 0x00, 0x00, 0x06, 0x18, 0x60, 0x0f, 
	0x3c, 0xf0, 0x0f, 0x3c, 0xf0, 0x06, 0x18, 0x60, 0x00, 0x00, 0x00, 0x00, 0x00, 0x00, 0x06, 0x18, 
	0x00, 0x0f, 0x3c, 0x18, 0x0f, 0x3c, 0x7c, 0x06, 0x18, 0xfc, 0x00, 0x01, 0xfc, 0x00, 0x03, 0xb8, 
	0x06, 0x07, 0x70, 0x0f, 0x06, 0xe0, 0x0f, 0x07, 0xc0, 0x06, 0x07, 0x80, 0x00, 0x00, 0x00, 0x00, 
	0x00, 0x00, 0x00, 0x00, 0x00, 0x00, 0x00, 0x00
};
// 'add_task_24dp_E3E3E3_FILL0_wght400_GRAD0_opsz24', 24x24px
const unsigned char epd_bitmap_add_task_24dp_E3E3E3_FILL0_wght400_GRAD0_opsz24 [] PROGMEM = {
	0x00, 0x00, 0x00, 0x00, 0x00, 0x00, 0x00, 0x00, 0x00, 0x00, 0x00, 0x00, 0x01, 0xff, 0x80, 0x07, 
	0xff, 0xe0, 0x0f, 0x00, 0xf0, 0x1c, 0x00, 0x38, 0x18, 0x00, 0x18, 0x30, 0x01, 0x9c, 0x30, 0x03, 
	0x8c, 0x31, 0x07, 0x0c, 0x31, 0x8e, 0x00, 0x30, 0xdc, 0x00, 0x30, 0x78, 0x30, 0x18, 0x20, 0x30, 
	0x1c, 0x00, 0x30, 0x0e, 0x01, 0xfe, 0x07, 0xf9, 0xfe, 0x01, 0xf8, 0x30, 0x00, 0x00, 0x30, 0x00, 
	0x00, 0x30, 0x00, 0x00, 0x00, 0x00, 0x00, 0x00
};
// 'close_fullscreen_24dp_E3E3E3_FILL0_wght400_GRAD0_opsz24', 24x24px
const unsigned char epd_bitmap_close_fullscreen_24dp_E3E3E3_FILL0_wght400_GRAD0_opsz24 [] PROGMEM = {
	0x00, 0x00, 0x00, 0x00, 0x00, 0x00, 0x00, 0x00, 0x08, 0x00, 0x00, 0x1c, 0x00, 0x0c, 0x38, 0x00, 
	0x0c, 0x70, 0x00, 0x0c, 0xe0, 0x00, 0x0d, 0xc0, 0x00, 0x0f, 0x80, 0x00, 0x0f, 0x00, 0x00, 0x0f, 
	0xf0, 0x00, 0x0f, 0xf0, 0x0f, 0xf0, 0x00, 0x0f, 0xf0, 0x00, 0x00, 0xf0, 0x00, 0x01, 0xf0, 0x00, 
	0x03, 0xb0, 0x00, 0x07, 0x30, 0x00, 0x0e, 0x30, 0x00, 0x1c, 0x30, 0x00, 0x38, 0x00, 0x00, 0x10, 
	0x00, 0x00, 0x00, 0x00, 0x00, 0x00, 0x00, 0x00
};
// 'dataset_24dp_E3E3E3_FILL0_wght400_GRAD0_opsz24', 24x24px
const unsigned char epd_bitmap_dataset_24dp_E3E3E3_FILL0_wght400_GRAD0_opsz24 [] PROGMEM = {
	0x00, 0x00, 0x00, 0x00, 0x00, 0x00, 0x00, 0x00, 0x00, 0x0f, 0xff, 0xf0, 0x1f, 0xff, 0xf8, 0x18, 
	0x00, 0x18, 0x18, 0x00, 0x18, 0x19, 0xe7, 0x98, 0x19, 0xe7, 0x98, 0x19, 0xe7, 0x98, 0x19, 0xe7, 
	0x98, 0x18, 0x00, 0x18, 0x18, 0x00, 0x18, 0x19, 0xe7, 0x98, 0x19, 0xe7, 0x98, 0x19, 0xe7, 0x98, 
	0x19, 0xe7, 0x98, 0x18, 0x00, 0x18, 0x18, 0x00, 0x18, 0x1f, 0xff, 0xf8, 0x0f, 0xff, 0xf0, 0x00, 
	0x00, 0x00, 0x00, 0x00, 0x00, 0x00, 0x00, 0x00
};
// 'swap_vert_24dp_E3E3E3_FILL0_wght400_GRAD0_opsz24', 24x24px
const unsigned char epd_bitmap_swap_vert_24dp_E3E3E3_FILL0_wght400_GRAD0_opsz24 [] PROGMEM = {
	0x00, 0x00, 0x00, 0x00, 0x00, 0x00, 0x00, 0x00, 0x00, 0x00, 0xc0, 0x00, 0x01, 0xe0, 0x00, 0x03, 
	0xf0, 0x00, 0x06, 0xd8, 0x00, 0x04, 0xc8, 0x00, 0x00, 0xc0, 0x00, 0x00, 0xc0, 0x00, 0x00, 0xc0, 
	0x00, 0x00, 0xc3, 0x00, 0x00, 0xc3, 0x00, 0x00, 0x03, 0x00, 0x00, 0x03, 0x00, 0x00, 0x03, 0x00, 
	0x00, 0x13, 0x20, 0x00, 0x1b, 0x60, 0x00, 0x0f, 0xc0, 0x00, 0x07, 0x80, 0x00, 0x03, 0x00, 0x00, 
	0x00, 0x00, 0x00, 0x00, 0x00, 0x00, 0x00, 0x00
};
// 'disabled_by_default_24dp_E3E3E3_FILL0_wght400_GRAD0_opsz24', 24x24px
const unsigned char epd_bitmap_disabled_by_default_24dp_E3E3E3_FILL0_wght400_GRAD0_opsz24 [] PROGMEM = {
	0x00, 0x00, 0x00, 0x00, 0x00, 0x00, 0x00, 0x00, 0x00, 0x0f, 0xff, 0xf0, 0x1f, 0xff, 0xf8, 0x18, 
	0x00, 0x18, 0x18, 0x00, 0x18, 0x18, 0x81, 0x18, 0x19, 0xc3, 0x98, 0x18, 0xe7, 0x18, 0x18, 0x7e, 
	0x18, 0x18, 0x3c, 0x18, 0x18, 0x3c, 0x18, 0x18, 0x7e, 0x18, 0x18, 0xe7, 0x18, 0x19, 0xc3, 0x98, 
	0x18, 0x81, 0x18, 0x18, 0x00, 0x18, 0x18, 0x00, 0x18, 0x1f, 0xff, 0xf8, 0x0f, 0xff, 0xf0, 0x00, 
	0x00, 0x00, 0x00, 0x00, 0x00, 0x00, 0x00, 0x00
};
// 'swap_horiz_24dp_E3E3E3_FILL0_wght400_GRAD0_opsz24', 24x24px
const unsigned char epd_bitmap_swap_horiz_24dp_E3E3E3_FILL0_wght400_GRAD0_opsz24 [] PROGMEM = {
	0x00, 0x00, 0x00, 0x00, 0x00, 0x00, 0x00, 0x00, 0x00, 0x00, 0x00, 0x00, 0x00, 0x00, 0x00, 0x00, 
	0x00, 0xc0, 0x00, 0x00, 0x60, 0x00, 0x00, 0x30, 0x00, 0x1f, 0xf8, 0x00, 0x1f, 0xf8, 0x00, 0x00, 
	0x30, 0x03, 0x00, 0x60, 0x06, 0x00, 0xc0, 0x0c, 0x00, 0x00, 0x1f, 0xf8, 0x00, 0x1f, 0xf8, 0x00, 
	0x0c, 0x00, 0x00, 0x06, 0x00, 0x00, 0x03, 0x00, 0x00, 0x00, 0x00, 0x00, 0x00, 0x00, 0x00, 0x00, 
	0x00, 0x00, 0x00, 0x00, 0x00, 0x00, 0x00, 0x00
};
// 'change_circle_24dp_E3E3E3_FILL0_wght400_GRAD0_opsz24', 24x24px
const unsigned char epd_bitmap_change_circle_24dp_E3E3E3_FILL0_wght400_GRAD0_opsz24 [] PROGMEM = {
	0x00, 0x00, 0x00, 0x00, 0x00, 0x00, 0x00, 0x7e, 0x00, 0x01, 0xff, 0x80, 0x07, 0x81, 0xe0, 0x0e, 
	0x10, 0x70, 0x0c, 0x38, 0x30, 0x18, 0x7c, 0x18, 0x18, 0x3f, 0x18, 0x30, 0x1b, 0x0c, 0x31, 0x81, 
	0x8c, 0x31, 0x81, 0x8c, 0x31, 0x81, 0x8c, 0x31, 0x81, 0x8c, 0x30, 0xd8, 0x0c, 0x18, 0x7c, 0x18, 
	0x18, 0x3e, 0x18, 0x0c, 0x1c, 0x30, 0x0e, 0x08, 0x70, 0x03, 0x81, 0xe0, 0x01, 0xff, 0x80, 0x00, 
	0x7e, 0x00, 0x00, 0x00, 0x00, 0x00, 0x00, 0x00
};
// 'select_check_box_24dp_E3E3E3_FILL0_wght400_GRAD0_opsz24', 24x24px
const unsigned char epd_bitmap_select_check_box_24dp_E3E3E3_FILL0_wght400_GRAD0_opsz24 [] PROGMEM = {
	0x00, 0x00, 0x00, 0x00, 0x00, 0x00, 0x00, 0x00, 0x00, 0x0f, 0xff, 0xe0, 0x1f, 0xff, 0xc0, 0x18, 
	0x00, 0x08, 0x18, 0x00, 0x1c, 0x18, 0x00, 0x38, 0x18, 0x00, 0x70, 0x18, 0x00, 0xe0, 0x19, 0x01, 
	0xc0, 0x1b, 0x83, 0x88, 0x19, 0xc7, 0x18, 0x18, 0xee, 0x18, 0x18, 0x7c, 0x18, 0x18, 0x38, 0x18, 
	0x18, 0x10, 0x18, 0x18, 0x00, 0x18, 0x18, 0x00, 0x18, 0x1f, 0xff, 0xf8, 0x0f, 0xff, 0xf0, 0x00, 
	0x00, 0x00, 0x00, 0x00, 0x00, 0x00, 0x00, 0x00
};
// 'cached_24dp_E3E3E3_FILL0_wght400_GRAD0_opsz24', 24x24px
const unsigned char epd_bitmap_cached_24dp_E3E3E3_FILL0_wght400_GRAD0_opsz24 [] PROGMEM = {
	0x00, 0x00, 0x00, 0x00, 0x00, 0x00, 0x00, 0x00, 0x00, 0x00, 0x00, 0x00, 0x00, 0x7e, 0x00, 0x00, 
	0xff, 0x80, 0x00, 0x03, 0xc0, 0x00, 0x00, 0xe0, 0x00, 0x00, 0x60, 0x0c, 0x00, 0x30, 0x1e, 0x00, 
	0x30, 0x3f, 0x00, 0xb4, 0x2d, 0x00, 0xfc, 0x0c, 0x00, 0x78, 0x0c, 0x00, 0x30, 0x06, 0x00, 0x00, 
	0x07, 0x00, 0x00, 0x03, 0xc0, 0x00, 0x01, 0xff, 0x00, 0x00, 0x7e, 0x00, 0x00, 0x00, 0x00, 0x00, 
	0x00, 0x00, 0x00, 0x00, 0x00, 0x00, 0x00, 0x00
};
// 'exit_to_app_24dp_E3E3E3_FILL0_wght400_GRAD0_opsz24', 24x24px
const unsigned char epd_bitmap_exit_to_app_24dp_E3E3E3_FILL0_wght400_GRAD0_opsz24 [] PROGMEM = {
	0x00, 0x00, 0x00, 0x00, 0x00, 0x00, 0x00, 0x00, 0x00, 0x0f, 0xff, 0xf0, 0x1f, 0xff, 0xf8, 0x18, 
	0x00, 0x18, 0x18, 0x00, 0x18, 0x18, 0x20, 0x18, 0x18, 0x70, 0x18, 0x00, 0x38, 0x18, 0x00, 0x1c, 
	0x18, 0x1f, 0xfe, 0x18, 0x1f, 0xfe, 0x18, 0x00, 0x1c, 0x18, 0x00, 0x38, 0x18, 0x18, 0x70, 0x18, 
	0x18, 0x20, 0x18, 0x18, 0x00, 0x18, 0x18, 0x00, 0x18, 0x1f, 0xff, 0xf8, 0x0f, 0xff, 0xf0, 0x00, 
	0x00, 0x00, 0x00, 0x00, 0x00, 0x00, 0x00, 0x00
};
// 'settings_accessibility_24dp_E3E3E3_FILL0_wght400_GRAD0_opsz24', 24x24px
const unsigned char epd_bitmap_settings_accessibility_24dp_E3E3E3_FILL0_wght400_GRAD0_opsz24 [] PROGMEM = {
	0x00, 0x18, 0x00, 0x00, 0x3c, 0x00, 0x00, 0x3c, 0x00, 0x00, 0x18, 0x00, 0x1c, 0x00, 0x38, 0x1f, 
	0xff, 0xf8, 0x03, 0xff, 0xc0, 0x00, 0x7e, 0x00, 0x00, 0x7e, 0x00, 0x00, 0x7e, 0x00, 0x00, 0x7e, 
	0x00, 0x00, 0x7e, 0x00, 0x00, 0x7e, 0x00, 0x00, 0x66, 0x00, 0x00, 0x66, 0x00, 0x00, 0x66, 0x00, 
	0x00, 0x66, 0x00, 0x00, 0x66, 0x00, 0x00, 0x66, 0x00, 0x00, 0x00, 0x00, 0x00, 0x00, 0x00, 0x00, 
	0x00, 0x00, 0x01, 0x99, 0x80, 0x01, 0x99, 0x80
};
// 'reply_24dp_E3E3E3_FILL0_wght400_GRAD0_opsz24', 24x24px
const unsigned char epd_bitmap_reply_24dp_E3E3E3_FILL0_wght400_GRAD0_opsz24 [] PROGMEM = {
	0x00, 0x00, 0x00, 0x00, 0x00, 0x00, 0x00, 0x00, 0x00, 0x00, 0x00, 0x00, 0x00, 0x00, 0x00, 0x00, 
	0x00, 0x00, 0x00, 0xc0, 0x00, 0x01, 0x80, 0x00, 0x03, 0x00, 0x00, 0x06, 0x00, 0x00, 0x0f, 0xff, 
	0xc0, 0x0f, 0xff, 0xe0, 0x06, 0x00, 0x30, 0x03, 0x00, 0x18, 0x01, 0x80, 0x18, 0x00, 0xc0, 0x18, 
	0x00, 0x00, 0x18, 0x00, 0x00, 0x18, 0x00, 0x00, 0x18, 0x00, 0x00, 0x00, 0x00, 0x00, 0x00, 0x00, 
	0x00, 0x00, 0x00, 0x00, 0x00, 0x00, 0x00, 0x00
};
// 'star_half_24dp_E3E3E3_FILL0_wght400_GRAD0_opsz24', 24x24px
const unsigned char epd_bitmap_star_half_24dp_E3E3E3_FILL0_wght400_GRAD0_opsz24 [] PROGMEM = {
	0x00, 0x00, 0x00, 0x00, 0x00, 0x00, 0x00, 0x00, 0x00, 0x00, 0x18, 0x00, 0x00, 0x18, 0x00, 0x00, 
	0x18, 0x00, 0x00, 0x3c, 0x00, 0x00, 0x3c, 0x00, 0x00, 0x76, 0x00, 0x3f, 0xf7, 0xfc, 0x1f, 0xf3, 
	0xf8, 0x07, 0xf0, 0xe0, 0x03, 0xf1, 0xc0, 0x01, 0xf3, 0x80, 0x01, 0xf1, 0x80, 0x01, 0xf9, 0x80, 
	0x01, 0xfd, 0x80, 0x01, 0xff, 0x80, 0x03, 0xc3, 0xc0, 0x03, 0x00, 0xc0, 0x02, 0x00, 0x40, 0x00, 
	0x00, 0x00, 0x00, 0x00, 0x00, 0x00, 0x00, 0x00
};
// 'keyboard_double_arrow_right_24dp_E3E3E3_FILL0_wght400_GRAD0_opsz24', 24x24px
const unsigned char epd_bitmap_keyboard_double_arrow_right_24dp_E3E3E3_FILL0_wght400_GRAD0_opsz24 [] PROGMEM = {
	0x00, 0x00, 0x00, 0x00, 0x00, 0x00, 0x00, 0x00, 0x00, 0x00, 0x00, 0x00, 0x00, 0x00, 0x00, 0x00, 
	0x00, 0x00, 0x02, 0x00, 0x00, 0x07, 0x0c, 0x00, 0x03, 0x86, 0x00, 0x01, 0xc3, 0x00, 0x00, 0xe1, 
	0x80, 0x00, 0x70, 0xc0, 0x00, 0x70, 0xc0, 0x00, 0xe1, 0x80, 0x01, 0xc3, 0x00, 0x03, 0x86, 0x00, 
	0x07, 0x0c, 0x00, 0x02, 0x00, 0x00, 0x00, 0x00, 0x00, 0x00, 0x00, 0x00, 0x00, 0x00, 0x00, 0x00, 
	0x00, 0x00, 0x00, 0x00, 0x00, 0x00, 0x00, 0x00
};
// 'ios_share_24dp_E3E3E3_FILL0_wght400_GRAD0_opsz24', 24x24px
const unsigned char epd_bitmap_ios_share_24dp_E3E3E3_FILL0_wght400_GRAD0_opsz24 [] PROGMEM = {
	0x00, 0x00, 0x00, 0x00, 0x00, 0x00, 0x00, 0x18, 0x00, 0x00, 0x3c, 0x00, 0x00, 0x7e, 0x00, 0x00, 
	0x5a, 0x00, 0x00, 0x18, 0x00, 0x00, 0x18, 0x00, 0x07, 0x99, 0xe0, 0x0f, 0x99, 0xf0, 0x0c, 0x18, 
	0x30, 0x0c, 0x18, 0x30, 0x0c, 0x18, 0x30, 0x0c, 0x18, 0x30, 0x0c, 0x18, 0x30, 0x0c, 0x18, 0x30, 
	0x0c, 0x00, 0x30, 0x0c, 0x00, 0x30, 0x0c, 0x00, 0x30, 0x0c, 0x00, 0x30, 0x0f, 0xff, 0xf0, 0x07, 
	0xff, 0xe0, 0x00, 0x00, 0x00, 0x00, 0x00, 0x00
};
// 'fullscreen_24dp_E3E3E3_FILL0_wght400_GRAD0_opsz24', 24x24px
const unsigned char epd_bitmap_fullscreen_24dp_E3E3E3_FILL0_wght400_GRAD0_opsz24 [] PROGMEM = {
	0x00, 0x00, 0x00, 0x00, 0x00, 0x00, 0x00, 0x00, 0x00, 0x1f, 0x00, 0xf8, 0x1f, 0x00, 0xf8, 0x18, 
	0x00, 0x18, 0x18, 0x00, 0x18, 0x18, 0x00, 0x18, 0x00, 0x00, 0x00, 0x00, 0x00, 0x00, 0x00, 0x00, 
	0x00, 0x00, 0x00, 0x00, 0x00, 0x00, 0x00, 0x00, 0x00, 0x00, 0x00, 0x00, 0x00, 0x00, 0x00, 0x00, 
	0x18, 0x00, 0x18, 0x18, 0x00, 0x18, 0x18, 0x00, 0x18, 0x1f, 0x00, 0xf8, 0x1f, 0x00, 0xf8, 0x00, 
	0x00, 0x00, 0x00, 0x00, 0x00, 0x00, 0x00, 0x00
};
// 'zoom_in_24dp_E3E3E3_FILL0_wght400_GRAD0_opsz24', 24x24px
const unsigned char epd_bitmap_zoom_in_24dp_E3E3E3_FILL0_wght400_GRAD0_opsz24 [] PROGMEM = {
	0x00, 0x00, 0x00, 0x00, 0x00, 0x00, 0x00, 0x00, 0x00, 0x01, 0xf0, 0x00, 0x07, 0xfc, 0x00, 0x0e, 
	0x0e, 0x00, 0x0c, 0x06, 0x00, 0x18, 0x43, 0x00, 0x18, 0xe3, 0x00, 0x19, 0xf3, 0x00, 0x18, 0xe3, 
	0x00, 0x18, 0x43, 0x00, 0x0c, 0x06, 0x00, 0x0e, 0x0e, 0x00, 0x07, 0xff, 0x00, 0x01, 0xf3, 0x80, 
	0x00, 0x01, 0xc0, 0x00, 0x00, 0xe0, 0x00, 0x00, 0x70, 0x00, 0x00, 0x38, 0x00, 0x00, 0x10, 0x00, 
	0x00, 0x00, 0x00, 0x00, 0x00, 0x00, 0x00, 0x00
};
// 'done_outline_24dp_E3E3E3_FILL0_wght400_GRAD0_opsz24', 24x24px
const unsigned char epd_bitmap_done_outline_24dp_E3E3E3_FILL0_wght400_GRAD0_opsz24 [] PROGMEM = {
	0x00, 0x00, 0x00, 0x00, 0x00, 0x00, 0x00, 0x00, 0x00, 0x00, 0x00, 0x20, 0x00, 0x00, 0x70, 0x00, 
	0x00, 0xf8, 0x00, 0x01, 0xdc, 0x00, 0x03, 0x8e, 0x04, 0x07, 0x1c, 0x0e, 0x0e, 0x38, 0x1f, 0x1c, 
	0x70, 0x3b, 0xb8, 0xe0, 0x71, 0xf1, 0xc0, 0x38, 0xe3, 0x80, 0x1c, 0x47, 0x00, 0x0e, 0x0e, 0x00, 
	0x07, 0x1c, 0x00, 0x03, 0xb8, 0x00, 0x01, 0xf0, 0x00, 0x00, 0xe0, 0x00, 0x00, 0x40, 0x00, 0x00, 
	0x00, 0x00, 0x00, 0x00, 0x00, 0x00, 0x00, 0x00
};
// 'double_arrow_24dp_E3E3E3_FILL0_wght400_GRAD0_opsz24', 24x24px
const unsigned char epd_bitmap_double_arrow_24dp_E3E3E3_FILL0_wght400_GRAD0_opsz24 [] PROGMEM = {
	0x00, 0x00, 0x00, 0x00, 0x00, 0x00, 0x00, 0x00, 0x00, 0x00, 0x00, 0x00, 0x00, 0x00, 0x00, 0x03, 
	0x8e, 0x00, 0x01, 0xc6, 0x00, 0x00, 0xc3, 0x00, 0x00, 0x61, 0x80, 0x00, 0x71, 0xc0, 0x00, 0x30, 
	0xc0, 0x00, 0x18, 0x60, 0x00, 0x18, 0x60, 0x00, 0x30, 0xc0, 0x00, 0x71, 0xc0, 0x00, 0x61, 0x80, 
	0x00, 0xc3, 0x00, 0x01, 0xc6, 0x00, 0x03, 0x8e, 0x00, 0x00, 0x00, 0x00, 0x00, 0x00, 0x00, 0x00, 
	0x00, 0x00, 0x00, 0x00, 0x00, 0x00, 0x00, 0x00
};
// 'open_in_full_24dp_E3E3E3_FILL0_wght400_GRAD0_opsz24', 24x24px
const unsigned char epd_bitmap_open_in_full_24dp_E3E3E3_FILL0_wght400_GRAD0_opsz24 [] PROGMEM = {
	0x00, 0x00, 0x00, 0x00, 0x00, 0x00, 0x00, 0x00, 0x00, 0x00, 0x07, 0xf8, 0x00, 0x07, 0xf8, 0x00, 
	0x00, 0x78, 0x00, 0x00, 0xf8, 0x00, 0x01, 0xd8, 0x00, 0x03, 0x98, 0x00, 0x07, 0x18, 0x00, 0x0e, 
	0x18, 0x00, 0x1c, 0x00, 0x00, 0x38, 0x00, 0x18, 0x70, 0x00, 0x18, 0xe0, 0x00, 0x19, 0xc0, 0x00, 
	0x1b, 0x80, 0x00, 0x1f, 0x00, 0x00, 0x1e, 0x00, 0x00, 0x1f, 0xe0, 0x00, 0x1f, 0xe0, 0x00, 0x00, 
	0x00, 0x00, 0x00, 0x00, 0x00, 0x00, 0x00, 0x00
};
// 'do_not_disturb_on_24dp_E3E3E3_FILL0_wght400_GRAD0_opsz24', 24x24px
const unsigned char epd_bitmap_do_not_disturb_on_24dp_E3E3E3_FILL0_wght400_GRAD0_opsz24 [] PROGMEM = {
	0x00, 0x00, 0x00, 0x00, 0x00, 0x00, 0x00, 0x7e, 0x00, 0x01, 0xff, 0x80, 0x07, 0x81, 0xe0, 0x0e, 
	0x00, 0x70, 0x0c, 0x00, 0x30, 0x18, 0x00, 0x18, 0x18, 0x00, 0x18, 0x30, 0x00, 0x0c, 0x30, 0x00, 
	0x0c, 0x31, 0xff, 0x8c, 0x31, 0xff, 0x8c, 0x30, 0x00, 0x0c, 0x30, 0x00, 0x0c, 0x18, 0x00, 0x18, 
	0x18, 0x00, 0x18, 0x0c, 0x00, 0x30, 0x0e, 0x00, 0x70, 0x03, 0x81, 0xe0, 0x01, 0xff, 0x80, 0x00, 
	0x7e, 0x00, 0x00, 0x00, 0x00, 0x00, 0x00, 0x00
};
// 'backspace_24dp_E3E3E3_FILL0_wght400_GRAD0_opsz24', 24x24px
const unsigned char epd_bitmap_backspace_24dp_E3E3E3_FILL0_wght400_GRAD0_opsz24 [] PROGMEM = {
	0x00, 0x00, 0x00, 0x00, 0x00, 0x00, 0x00, 0x00, 0x00, 0x00, 0x00, 0x00, 0x00, 0xff, 0xf8, 0x01, 
	0xff, 0xfc, 0x03, 0x80, 0x0c, 0x07, 0x00, 0x0c, 0x06, 0x10, 0x8c, 0x0c, 0x39, 0xcc, 0x1c, 0x1f, 
	0x8c, 0x38, 0x0f, 0x0c, 0x38, 0x0f, 0x0c, 0x1c, 0x1f, 0x8c, 0x0c, 0x39, 0xcc, 0x06, 0x10, 0x8c, 
	0x07, 0x00, 0x0c, 0x03, 0x80, 0x0c, 0x01, 0xff, 0xfc, 0x00, 0xff, 0xf8, 0x00, 0x00, 0x00, 0x00, 
	0x00, 0x00, 0x00, 0x00, 0x00, 0x00, 0x00, 0x00
};
// 'arrow_circle_right_24dp_E3E3E3_FILL0_wght400_GRAD0_opsz24', 24x24px
const unsigned char epd_bitmap_arrow_circle_right_24dp_E3E3E3_FILL0_wght400_GRAD0_opsz24 [] PROGMEM = {
	0x00, 0x00, 0x00, 0x00, 0x00, 0x00, 0x00, 0x7e, 0x00, 0x01, 0xff, 0x80, 0x07, 0x81, 0xe0, 0x0e, 
	0x00, 0x70, 0x0c, 0x00, 0x30, 0x18, 0x00, 0x18, 0x18, 0x00, 0x18, 0x30, 0x18, 0x0c, 0x30, 0x0c, 
	0x0c, 0x30, 0xfe, 0x0c, 0x30, 0xfe, 0x0c, 0x30, 0x0c, 0x0c, 0x30, 0x18, 0x0c, 0x18, 0x00, 0x18, 
	0x18, 0x00, 0x18, 0x0c, 0x00, 0x30, 0x0e, 0x00, 0x70, 0x03, 0x81, 0xe0, 0x01, 0xff, 0x80, 0x00, 
	0x7e, 0x00, 0x00, 0x00, 0x00, 0x00, 0x00, 0x00
};
// 'undo_24dp_E3E3E3_FILL0_wght400_GRAD0_opsz24', 24x24px
const unsigned char epd_bitmap_undo_24dp_E3E3E3_FILL0_wght400_GRAD0_opsz24 [] PROGMEM = {
	0x00, 0x00, 0x00, 0x00, 0x00, 0x00, 0x00, 0x00, 0x00, 0x00, 0x00, 0x00, 0x00, 0x00, 0x00, 0x00, 
	0xc0, 0x00, 0x01, 0x80, 0x00, 0x03, 0x00, 0x00, 0x07, 0xff, 0x00, 0x07, 0xff, 0xc0, 0x03, 0x00, 
	0xe0, 0x01, 0x80, 0x70, 0x00, 0xc0, 0x30, 0x00, 0x00, 0x30, 0x00, 0x00, 0x30, 0x00, 0x00, 0x70, 
	0x00, 0x00, 0xe0, 0x01, 0xff, 0xc0, 0x01, 0xff, 0x00, 0x00, 0x00, 0x00, 0x00, 0x00, 0x00, 0x00, 
	0x00, 0x00, 0x00, 0x00, 0x00, 0x00, 0x00, 0x00
};
// 'expand_circle_down_24dp_E3E3E3_FILL0_wght400_GRAD0_opsz24', 24x24px
const unsigned char epd_bitmap_expand_circle_down_24dp_E3E3E3_FILL0_wght400_GRAD0_opsz24 [] PROGMEM = {
	0x00, 0x00, 0x00, 0x00, 0x00, 0x00, 0x00, 0x7e, 0x00, 0x01, 0xff, 0x80, 0x07, 0x81, 0xe0, 0x0e, 
	0x00, 0x70, 0x0c, 0x00, 0x30, 0x18, 0x00, 0x18, 0x18, 0x00, 0x18, 0x30, 0x00, 0x0c, 0x30, 0xc3, 
	0x0c, 0x30, 0xe7, 0x0c, 0x30, 0x7e, 0x0c, 0x30, 0x3c, 0x0c, 0x30, 0x18, 0x0c, 0x18, 0x00, 0x18, 
	0x18, 0x00, 0x18, 0x0c, 0x00, 0x30, 0x0e, 0x00, 0x70, 0x03, 0x81, 0xe0, 0x01, 0xff, 0x80, 0x00, 
	0x7e, 0x00, 0x00, 0x00, 0x00, 0x00, 0x00, 0x00
};
// 'menu_open_24dp_E3E3E3_FILL0_wght400_GRAD0_opsz24', 24x24px
const unsigned char epd_bitmap_menu_open_24dp_E3E3E3_FILL0_wght400_GRAD0_opsz24 [] PROGMEM = {
	0x00, 0x00, 0x00, 0x00, 0x00, 0x00, 0x00, 0x00, 0x00, 0x00, 0x00, 0x00, 0x00, 0x00, 0x00, 0x00, 
	0x00, 0x00, 0x1f, 0xff, 0x00, 0x1f, 0xff, 0x10, 0x00, 0x00, 0x38, 0x00, 0x00, 0x70, 0x00, 0x00, 
	0xe0, 0x1f, 0xf9, 0xc0, 0x1f, 0xf9, 0xc0, 0x00, 0x00, 0xe0, 0x00, 0x00, 0x70, 0x00, 0x00, 0x38, 
	0x1f, 0xff, 0x10, 0x1f, 0xff, 0x00, 0x00, 0x00, 0x00, 0x00, 0x00, 0x00, 0x00, 0x00, 0x00, 0x00, 
	0x00, 0x00, 0x00, 0x00, 0x00, 0x00, 0x00, 0x00
};
// 'shopping_cart_checkout_24dp_E3E3E3_FILL0_wght400_GRAD0_opsz24', 24x24px
const unsigned char epd_bitmap_shopping_cart_checkout_24dp_E3E3E3_FILL0_wght400_GRAD0_opsz24 [] PROGMEM = {
	0x00, 0x00, 0x00, 0x00, 0x00, 0x00, 0x70, 0x00, 0x00, 0x78, 0x18, 0x00, 0x18, 0x0c, 0x18, 0x0c, 
	0xfe, 0x18, 0x0c, 0xfe, 0x30, 0x06, 0x0c, 0x70, 0x06, 0x18, 0x60, 0x03, 0x00, 0xe0, 0x03, 0x00, 
	0xc0, 0x01, 0xff, 0xc0, 0x03, 0xff, 0x80, 0x03, 0x00, 0x00, 0x06, 0x00, 0x00, 0x07, 0xff, 0xe0, 
	0x03, 0xff, 0xe0, 0x00, 0x00, 0x00, 0x03, 0x00, 0xc0, 0x07, 0x81, 0xe0, 0x07, 0x81, 0xe0, 0x03, 
	0x00, 0xc0, 0x00, 0x00, 0x00, 0x00, 0x00, 0x00
};
// 'restart_alt_24dp_E3E3E3_FILL0_wght400_GRAD0_opsz24', 24x24px
const unsigned char epd_bitmap_restart_alt_24dp_E3E3E3_FILL0_wght400_GRAD0_opsz24 [] PROGMEM = {
	0x00, 0x00, 0x00, 0x00, 0x00, 0x00, 0x00, 0x00, 0x00, 0x00, 0x18, 0x00, 0x00, 0x30, 0x00, 0x00, 
	0x7e, 0x00, 0x00, 0x7f, 0x80, 0x02, 0x31, 0xc0, 0x07, 0x18, 0xe0, 0x06, 0x00, 0x60, 0x0e, 0x00, 
	0x70, 0x0c, 0x00, 0x30, 0x0c, 0x00, 0x30, 0x0c, 0x00, 0x30, 0x0c, 0x00, 0x30, 0x0e, 0x00, 0x70, 
	0x06, 0x00, 0x60, 0x07, 0x00, 0xe0, 0x03, 0x81, 0xc0, 0x01, 0xe7, 0x80, 0x00, 0x66, 0x00, 0x00, 
	0x00, 0x00, 0x00, 0x00, 0x00, 0x00, 0x00, 0x00
};
// 'add_box_24dp_E3E3E3_FILL0_wght400_GRAD0_opsz24', 24x24px
const unsigned char epd_bitmap_add_box_24dp_E3E3E3_FILL0_wght400_GRAD0_opsz24 [] PROGMEM = {
	0x00, 0x00, 0x00, 0x00, 0x00, 0x00, 0x00, 0x00, 0x00, 0x0f, 0xff, 0xf0, 0x1f, 0xff, 0xf8, 0x18, 
	0x00, 0x18, 0x18, 0x00, 0x18, 0x18, 0x18, 0x18, 0x18, 0x18, 0x18, 0x18, 0x18, 0x18, 0x18, 0x18, 
	0x18, 0x19, 0xff, 0x98, 0x19, 0xff, 0x98, 0x18, 0x18, 0x18, 0x18, 0x18, 0x18, 0x18, 0x18, 0x18, 
	0x18, 0x18, 0x18, 0x18, 0x00, 0x18, 0x18, 0x00, 0x18, 0x1f, 0xff, 0xf8, 0x0f, 0xff, 0xf0, 0x00, 
	0x00, 0x00, 0x00, 0x00, 0x00, 0x00, 0x00, 0x00
};
// 'arrow_back_ios_new_24dp_E3E3E3_FILL0_wght400_GRAD0_opsz24', 24x24px
const unsigned char epd_bitmap_arrow_back_ios_new_24dp_E3E3E3_FILL0_wght400_GRAD0_opsz24 [] PROGMEM = {
	0x00, 0x00, 0x00, 0x00, 0x00, 0x00, 0x00, 0x00, 0x00, 0x00, 0x01, 0x80, 0x00, 0x03, 0x80, 0x00, 
	0x07, 0x00, 0x00, 0x0e, 0x00, 0x00, 0x1c, 0x00, 0x00, 0x38, 0x00, 0x00, 0x70, 0x00, 0x00, 0xe0, 
	0x00, 0x01, 0xc0, 0x00, 0x01, 0xc0, 0x00, 0x00, 0xe0, 0x00, 0x00, 0x70, 0x00, 0x00, 0x38, 0x00, 
	0x00, 0x1c, 0x00, 0x00, 0x0e, 0x00, 0x00, 0x07, 0x00, 0x00, 0x03, 0x80, 0x00, 0x01, 0x80, 0x00, 
	0x00, 0x00, 0x00, 0x00, 0x00, 0x00, 0x00, 0x00
};
// 'sort_24dp_E3E3E3_FILL0_wght400_GRAD0_opsz24', 24x24px
const unsigned char epd_bitmap_sort_24dp_E3E3E3_FILL0_wght400_GRAD0_opsz24 [] PROGMEM = {
	0x00, 0x00, 0x00, 0x00, 0x00, 0x00, 0x00, 0x00, 0x00, 0x00, 0x00, 0x00, 0x00, 0x00, 0x00, 0x00, 
	0x00, 0x00, 0x1f, 0xff, 0xf8, 0x1f, 0xff, 0xf8, 0x00, 0x00, 0x00, 0x00, 0x00, 0x00, 0x00, 0x00, 
	0x00, 0x1f, 0xfe, 0x00, 0x1f, 0xfe, 0x00, 0x00, 0x00, 0x00, 0x00, 0x00, 0x00, 0x00, 0x00, 0x00, 
	0x1f, 0x80, 0x00, 0x1f, 0x80, 0x00, 0x00, 0x00, 0x00, 0x00, 0x00, 0x00, 0x00, 0x00, 0x00, 0x00, 
	0x00, 0x00, 0x00, 0x00, 0x00, 0x00, 0x00, 0x00
};
// 'arrow_downward_24dp_E3E3E3_FILL0_wght400_GRAD0_opsz24', 24x24px
const unsigned char epd_bitmap_arrow_downward_24dp_E3E3E3_FILL0_wght400_GRAD0_opsz24 [] PROGMEM = {
	0x00, 0x00, 0x00, 0x00, 0x00, 0x00, 0x00, 0x00, 0x00, 0x00, 0x00, 0x00, 0x00, 0x18, 0x00, 0x00, 
	0x18, 0x00, 0x00, 0x18, 0x00, 0x00, 0x18, 0x00, 0x00, 0x18, 0x00, 0x00, 0x18, 0x00, 0x00, 0x18, 
	0x00, 0x04, 0x18, 0x20, 0x06, 0x18, 0x60, 0x03, 0x18, 0xc0, 0x01, 0x99, 0x80, 0x00, 0xdb, 0x00, 
	0x00, 0x7e, 0x00, 0x00, 0x3c, 0x00, 0x00, 0x18, 0x00, 0x00, 0x00, 0x00, 0x00, 0x00, 0x00, 0x00, 
	0x00, 0x00, 0x00, 0x00, 0x00, 0x00, 0x00, 0x00
};
// 'sync_24dp_E3E3E3_FILL0_wght400_GRAD0_opsz24', 24x24px
const unsigned char epd_bitmap_sync_24dp_E3E3E3_FILL0_wght400_GRAD0_opsz24 [] PROGMEM = {
	0x00, 0x00, 0x00, 0x00, 0x00, 0x00, 0x00, 0x00, 0x00, 0x00, 0x00, 0x00, 0x00, 0x43, 0xf0, 0x01, 
	0xc3, 0xf0, 0x03, 0xc3, 0xc0, 0x07, 0x03, 0xe0, 0x06, 0x03, 0x60, 0x0e, 0x03, 0x70, 0x0c, 0x00, 
	0x30, 0x0c, 0x00, 0x30, 0x0c, 0x00, 0x30, 0x0c, 0x00, 0x30, 0x0e, 0xc0, 0x70, 0x06, 0xc0, 0x60, 
	0x07, 0xc0, 0xe0, 0x03, 0xc3, 0xc0, 0x0f, 0xc3, 0x80, 0x0f, 0xc2, 0x00, 0x00, 0x00, 0x00, 0x00, 
	0x00, 0x00, 0x00, 0x00, 0x00, 0x00, 0x00, 0x00
};
// 'key_24dp_E3E3E3_FILL0_wght400_GRAD0_opsz24', 24x24px
const unsigned char epd_bitmap_key_24dp_E3E3E3_FILL0_wght400_GRAD0_opsz24 [] PROGMEM = {
	0x00, 0x00, 0x00, 0x00, 0x00, 0x00, 0x00, 0x00, 0x00, 0x00, 0x00, 0x00, 0x00, 0x00, 0x00, 0x00, 
	0x00, 0x00, 0x07, 0x80, 0x00, 0x1f, 0xe0, 0x00, 0x38, 0x70, 0x00, 0x30, 0x3f, 0xf8, 0x63, 0x1f, 
	0xfc, 0x67, 0x80, 0x06, 0x67, 0x80, 0x06, 0x63, 0x1e, 0xec, 0x30, 0x3f, 0xf8, 0x38, 0x73, 0xb0, 
	0x1f, 0xe0, 0x00, 0x07, 0x80, 0x00, 0x00, 0x00, 0x00, 0x00, 0x00, 0x00, 0x00, 0x00, 0x00, 0x00, 
	0x00, 0x00, 0x00, 0x00, 0x00, 0x00, 0x00, 0x00
};
// 'autorenew_24dp_E3E3E3_FILL0_wght400_GRAD0_opsz24', 24x24px
const unsigned char epd_bitmap_autorenew_24dp_E3E3E3_FILL0_wght400_GRAD0_opsz24 [] PROGMEM = {
	0x00, 0x00, 0x00, 0x00, 0x00, 0x00, 0x00, 0x18, 0x00, 0x00, 0x0c, 0x00, 0x00, 0x7e, 0x00, 0x01, 
	0xfe, 0x00, 0x03, 0xcc, 0x00, 0x07, 0x18, 0x00, 0x06, 0x00, 0x20, 0x0e, 0x00, 0x70, 0x0c, 0x00, 
	0x30, 0x0c, 0x00, 0x30, 0x0c, 0x00, 0x30, 0x0c, 0x00, 0x30, 0x0c, 0x00, 0x70, 0x04, 0x00, 0x60, 
	0x00, 0x18, 0xe0, 0x00, 0x31, 0xc0, 0x00, 0x7f, 0x80, 0x00, 0x7e, 0x00, 0x00, 0x30, 0x00, 0x00, 
	0x18, 0x00, 0x00, 0x00, 0x00, 0x00, 0x00, 0x00
};
// 'delete_forever_24dp_E3E3E3_FILL0_wght400_GRAD0_opsz24', 24x24px
const unsigned char epd_bitmap_delete_forever_24dp_E3E3E3_FILL0_wght400_GRAD0_opsz24 [] PROGMEM = {
	0x00, 0x00, 0x00, 0x00, 0x00, 0x00, 0x00, 0x00, 0x00, 0x00, 0x7e, 0x00, 0x0f, 0xff, 0xf0, 0x0f, 
	0xff, 0xf0, 0x06, 0x00, 0x60, 0x06, 0x00, 0x60, 0x06, 0x00, 0x60, 0x06, 0xc3, 0x60, 0x06, 0x66, 
	0x60, 0x06, 0x3c, 0x60, 0x06, 0x18, 0x60, 0x06, 0x3c, 0x60, 0x06, 0x66, 0x60, 0x06, 0xc3, 0x60, 
	0x06, 0x00, 0x60, 0x06, 0x00, 0x60, 0x06, 0x00, 0x60, 0x07, 0xff, 0xe0, 0x03, 0xff, 0xc0, 0x00, 
	0x00, 0x00, 0x00, 0x00, 0x00, 0x00, 0x00, 0x00
};
// 'filter_list_24dp_E3E3E3_FILL0_wght400_GRAD0_opsz24', 24x24px
const unsigned char epd_bitmap_filter_list_24dp_E3E3E3_FILL0_wght400_GRAD0_opsz24 [] PROGMEM = {
	0x00, 0x00, 0x00, 0x00, 0x00, 0x00, 0x00, 0x00, 0x00, 0x00, 0x00, 0x00, 0x00, 0x00, 0x00, 0x00, 
	0x00, 0x00, 0x1f, 0xff, 0xf8, 0x1f, 0xff, 0xf8, 0x00, 0x00, 0x00, 0x00, 0x00, 0x00, 0x00, 0x00, 
	0x00, 0x03, 0xff, 0xc0, 0x03, 0xff, 0xc0, 0x00, 0x00, 0x00, 0x00, 0x00, 0x00, 0x00, 0x00, 0x00, 
	0x00, 0x3c, 0x00, 0x00, 0x3c, 0x00, 0x00, 0x00, 0x00, 0x00, 0x00, 0x00, 0x00, 0x00, 0x00, 0x00, 
	0x00, 0x00, 0x00, 0x00, 0x00, 0x00, 0x00, 0x00
};
// 'toggle_off_24dp_E3E3E3_FILL0_wght400_GRAD0_opsz24', 24x24px
const unsigned char epd_bitmap_toggle_off_24dp_E3E3E3_FILL0_wght400_GRAD0_opsz24 [] PROGMEM = {
	0x00, 0x00, 0x00, 0x00, 0x00, 0x00, 0x00, 0x00, 0x00, 0x00, 0x00, 0x00, 0x00, 0x00, 0x00, 0x00, 
	0x00, 0x00, 0x07, 0xff, 0xe0, 0x1f, 0xff, 0xf8, 0x38, 0x00, 0x1c, 0x33, 0x80, 0x0c, 0x67, 0xc0, 
	0x06, 0x6f, 0xc0, 0x06, 0x6f, 0xc0, 0x06, 0x6f, 0x80, 0x06, 0x37, 0x80, 0x0c, 0x38, 0x00, 0x1c, 
	0x1f, 0xff, 0xf8, 0x07, 0xff, 0xe0, 0x00, 0x00, 0x00, 0x00, 0x00, 0x00, 0x00, 0x00, 0x00, 0x00, 
	0x00, 0x00, 0x00, 0x00, 0x00, 0x00, 0x00, 0x00
};
// 'arrow_upward_24dp_E3E3E3_FILL0_wght400_GRAD0_opsz24', 24x24px
const unsigned char epd_bitmap_arrow_upward_24dp_E3E3E3_FILL0_wght400_GRAD0_opsz24 [] PROGMEM = {
	0x00, 0x00, 0x00, 0x00, 0x00, 0x00, 0x00, 0x00, 0x00, 0x00, 0x00, 0x00, 0x00, 0x00, 0x00, 0x00, 
	0x18, 0x00, 0x00, 0x3c, 0x00, 0x00, 0x7e, 0x00, 0x00, 0xdb, 0x00, 0x01, 0x99, 0x80, 0x03, 0x18, 
	0xc0, 0x06, 0x18, 0x60, 0x04, 0x18, 0x20, 0x00, 0x18, 0x00, 0x00, 0x18, 0x00, 0x00, 0x18, 0x00, 
	0x00, 0x18, 0x00, 0x00, 0x18, 0x00, 0x00, 0x18, 0x00, 0x00, 0x18, 0x00, 0x00, 0x00, 0x00, 0x00, 
	0x00, 0x00, 0x00, 0x00, 0x00, 0x00, 0x00, 0x00
};
// 'bolt_24dp_E3E3E3_FILL0_wght400_GRAD0_opsz24', 24x24px
const unsigned char epd_bitmap_bolt_24dp_E3E3E3_FILL0_wght400_GRAD0_opsz24 [] PROGMEM = {
	0x00, 0x00, 0x00, 0x00, 0x00, 0x00, 0x00, 0x06, 0x00, 0x00, 0x0e, 0x00, 0x00, 0x1e, 0x00, 0x00, 
	0x1e, 0x00, 0x00, 0x3c, 0x00, 0x00, 0x7c, 0x00, 0x00, 0x6c, 0x00, 0x00, 0xcc, 0x00, 0x01, 0xcf, 
	0xf0, 0x03, 0x8f, 0xe0, 0x03, 0x01, 0xc0, 0x07, 0xe1, 0x80, 0x0f, 0xe3, 0x00, 0x00, 0x66, 0x00, 
	0x00, 0x6e, 0x00, 0x00, 0x7c, 0x00, 0x00, 0x78, 0x00, 0x00, 0xf0, 0x00, 0x00, 0xe0, 0x00, 0x00, 
	0xc0, 0x00, 0x00, 0x00, 0x00, 0x00, 0x00, 0x00
};
// 'remove_24dp_E3E3E3_FILL0_wght400_GRAD0_opsz24', 24x24px
const unsigned char epd_bitmap_remove_24dp_E3E3E3_FILL0_wght400_GRAD0_opsz24 [] PROGMEM = {
	0x00, 0x00, 0x00, 0x00, 0x00, 0x00, 0x00, 0x00, 0x00, 0x00, 0x00, 0x00, 0x00, 0x00, 0x00, 0x00, 
	0x00, 0x00, 0x00, 0x00, 0x00, 0x00, 0x00, 0x00, 0x00, 0x00, 0x00, 0x00, 0x00, 0x00, 0x00, 0x00, 
	0x00, 0x07, 0xff, 0xe0, 0x07, 0xff, 0xe0, 0x00, 0x00, 0x00, 0x00, 0x00, 0x00, 0x00, 0x00, 0x00, 
	0x00, 0x00, 0x00, 0x00, 0x00, 0x00, 0x00, 0x00, 0x00, 0x00, 0x00, 0x00, 0x00, 0x00, 0x00, 0x00, 
	0x00, 0x00, 0x00, 0x00, 0x00, 0x00, 0x00, 0x00
};
// 'filter_alt_24dp_E3E3E3_FILL0_wght400_GRAD0_opsz24', 24x24px
const unsigned char epd_bitmap_filter_alt_24dp_E3E3E3_FILL0_wght400_GRAD0_opsz24 [] PROGMEM = {
	0x00, 0x00, 0x00, 0x00, 0x00, 0x00, 0x00, 0x00, 0x00, 0x00, 0x00, 0x00, 0x0f, 0xff, 0xf0, 0x0f, 
	0xff, 0xf0, 0x06, 0x00, 0x60, 0x03, 0x00, 0xc0, 0x01, 0x81, 0x80, 0x01, 0xc3, 0x80, 0x00, 0xe7, 
	0x00, 0x00, 0x66, 0x00, 0x00, 0x3c, 0x00, 0x00, 0x3c, 0x00, 0x00, 0x3c, 0x00, 0x00, 0x3c, 0x00, 
	0x00, 0x3c, 0x00, 0x00, 0x3c, 0x00, 0x00, 0x3c, 0x00, 0x00, 0x3c, 0x00, 0x00, 0x00, 0x00, 0x00, 
	0x00, 0x00, 0x00, 0x00, 0x00, 0x00, 0x00, 0x00
};
// 'radio_button_checked_24dp_E3E3E3_FILL0_wght400_GRAD0_opsz24', 24x24px
const unsigned char epd_bitmap_radio_button_checked_24dp_E3E3E3_FILL0_wght400_GRAD0_opsz24 [] PROGMEM = {
	0x00, 0x00, 0x00, 0x00, 0x00, 0x00, 0x00, 0x7e, 0x00, 0x01, 0xff, 0x80, 0x07, 0x81, 0xe0, 0x0e, 
	0x00, 0x70, 0x0c, 0x00, 0x30, 0x18, 0x3c, 0x18, 0x18, 0xfe, 0x18, 0x30, 0xff, 0x0c, 0x31, 0xff, 
	0x8c, 0x31, 0xff, 0x8c, 0x31, 0xff, 0x8c, 0x31, 0xff, 0x8c, 0x30, 0xff, 0x0c, 0x18, 0x7f, 0x18, 
	0x18, 0x3c, 0x18, 0x0c, 0x00, 0x30, 0x0e, 0x00, 0x70, 0x03, 0x81, 0xe0, 0x01, 0xff, 0x80, 0x00, 
	0x7e, 0x00, 0x00, 0x00, 0x00, 0x00, 0x00, 0x00
};
// 'apps_24dp_E3E3E3_FILL0_wght400_GRAD0_opsz24', 24x24px
const unsigned char epd_bitmap_apps_24dp_E3E3E3_FILL0_wght400_GRAD0_opsz24 [] PROGMEM = {
	0x00, 0x00, 0x00, 0x00, 0x00, 0x00, 0x00, 0x00, 0x00, 0x00, 0x00, 0x00, 0x06, 0x18, 0x60, 0x0f, 
	0x3c, 0xf0, 0x0f, 0x3c, 0xf0, 0x06, 0x18, 0x60, 0x00, 0x00, 0x00, 0x00, 0x00, 0x00, 0x06, 0x18, 
	0x60, 0x0f, 0x3c, 0xf0, 0x0f, 0x3c, 0xf0, 0x06, 0x18, 0x60, 0x00, 0x00, 0x00, 0x00, 0x00, 0x00, 
	0x06, 0x18, 0x60, 0x0f, 0x3c, 0xf0, 0x0f, 0x3c, 0xf0, 0x06, 0x18, 0x60, 0x00, 0x00, 0x00, 0x00, 
	0x00, 0x00, 0x00, 0x00, 0x00, 0x00, 0x00, 0x00
};
// 'radio_button_unchecked_24dp_E3E3E3_FILL0_wght400_GRAD0_opsz24', 24x24px
const unsigned char epd_bitmap_radio_button_unchecked_24dp_E3E3E3_FILL0_wght400_GRAD0_opsz24 [] PROGMEM = {
	0x00, 0x00, 0x00, 0x00, 0x00, 0x00, 0x00, 0x7e, 0x00, 0x01, 0xff, 0x80, 0x07, 0x81, 0xe0, 0x0e, 
	0x00, 0x70, 0x0c, 0x00, 0x30, 0x18, 0x00, 0x18, 0x18, 0x00, 0x18, 0x30, 0x00, 0x0c, 0x30, 0x00, 
	0x0c, 0x30, 0x00, 0x0c, 0x30, 0x00, 0x0c, 0x30, 0x00, 0x0c, 0x30, 0x00, 0x0c, 0x18, 0x00, 0x18, 
	0x18, 0x00, 0x18, 0x0c, 0x00, 0x30, 0x0e, 0x00, 0x70, 0x03, 0x81, 0xe0, 0x01, 0xff, 0x80, 0x00, 
	0x7e, 0x00, 0x00, 0x00, 0x00, 0x00, 0x00, 0x00
};
// 'more_horiz_24dp_E3E3E3_FILL0_wght400_GRAD0_opsz24', 24x24px
const unsigned char epd_bitmap_more_horiz_24dp_E3E3E3_FILL0_wght400_GRAD0_opsz24 [] PROGMEM = {
	0x00, 0x00, 0x00, 0x00, 0x00, 0x00, 0x00, 0x00, 0x00, 0x00, 0x00, 0x00, 0x00, 0x00, 0x00, 0x00, 
	0x00, 0x00, 0x00, 0x00, 0x00, 0x00, 0x00, 0x00, 0x00, 0x00, 0x00, 0x00, 0x00, 0x00, 0x06, 0x18, 
	0x60, 0x0f, 0x3c, 0xf0, 0x0f, 0x3c, 0xf0, 0x06, 0x18, 0x60, 0x00, 0x00, 0x00, 0x00, 0x00, 0x00, 
	0x00, 0x00, 0x00, 0x00, 0x00, 0x00, 0x00, 0x00, 0x00, 0x00, 0x00, 0x00, 0x00, 0x00, 0x00, 0x00, 
	0x00, 0x00, 0x00, 0x00, 0x00, 0x00, 0x00, 0x00
};
// 'download_24dp_E3E3E3_FILL0_wght400_GRAD0_opsz24', 24x24px
const unsigned char epd_bitmap_download_24dp_E3E3E3_FILL0_wght400_GRAD0_opsz24 [] PROGMEM = {
	0x00, 0x00, 0x00, 0x00, 0x00, 0x00, 0x00, 0x00, 0x00, 0x00, 0x00, 0x00, 0x00, 0x18, 0x00, 0x00, 
	0x18, 0x00, 0x00, 0x18, 0x00, 0x00, 0x18, 0x00, 0x00, 0x18, 0x00, 0x00, 0x18, 0x00, 0x00, 0x99, 
	0x00, 0x00, 0xdb, 0x00, 0x00, 0x7e, 0x00, 0x00, 0x3c, 0x00, 0x00, 0x18, 0x00, 0x0c, 0x00, 0x30, 
	0x0c, 0x00, 0x30, 0x0c, 0x00, 0x30, 0x0f, 0xff, 0xf0, 0x07, 0xff, 0xe0, 0x00, 0x00, 0x00, 0x00, 
	0x00, 0x00, 0x00, 0x00, 0x00, 0x00, 0x00, 0x00
};
// 'chevron_left_24dp_E3E3E3_FILL0_wght400_GRAD0_opsz24', 24x24px
const unsigned char epd_bitmap_chevron_left_24dp_E3E3E3_FILL0_wght400_GRAD0_opsz24 [] PROGMEM = {
	0x00, 0x00, 0x00, 0x00, 0x00, 0x00, 0x00, 0x00, 0x00, 0x00, 0x00, 0x00, 0x00, 0x00, 0x00, 0x00, 
	0x00, 0x00, 0x00, 0x00, 0x00, 0x00, 0x06, 0x00, 0x00, 0x0c, 0x00, 0x00, 0x18, 0x00, 0x00, 0x30, 
	0x00, 0x00, 0x60, 0x00, 0x00, 0x60, 0x00, 0x00, 0x30, 0x00, 0x00, 0x18, 0x00, 0x00, 0x0c, 0x00, 
	0x00, 0x06, 0x00, 0x00, 0x00, 0x00, 0x00, 0x00, 0x00, 0x00, 0x00, 0x00, 0x00, 0x00, 0x00, 0x00, 
	0x00, 0x00, 0x00, 0x00, 0x00, 0x00, 0x00, 0x00
};
// 'login_24dp_E3E3E3_FILL0_wght400_GRAD0_opsz24', 24x24px
const unsigned char epd_bitmap_login_24dp_E3E3E3_FILL0_wght400_GRAD0_opsz24 [] PROGMEM = {
	0x00, 0x00, 0x00, 0x00, 0x00, 0x00, 0x00, 0x00, 0x00, 0x00, 0x0f, 0xf0, 0x00, 0x0f, 0xf8, 0x00, 
	0x00, 0x18, 0x00, 0x00, 0x18, 0x00, 0x00, 0x18, 0x00, 0x60, 0x18, 0x00, 0x30, 0x18, 0x00, 0x18, 
	0x18, 0x1f, 0xfc, 0x18, 0x1f, 0xfc, 0x18, 0x00, 0x18, 0x18, 0x00, 0x30, 0x18, 0x00, 0x60, 0x18, 
	0x00, 0x00, 0x18, 0x00, 0x00, 0x18, 0x00, 0x00, 0x18, 0x00, 0x0f, 0xf8, 0x00, 0x0f, 0xf0, 0x00, 
	0x00, 0x00, 0x00, 0x00, 0x00, 0x00, 0x00, 0x00
};
// 'check_box_outline_blank_24dp_E3E3E3_FILL0_wght400_GRAD0_opsz24', 24x24px
const unsigned char epd_bitmap_check_box_outline_blank_24dp_E3E3E3_FILL0_wght400_GRAD0_opsz24 [] PROGMEM = {
	0x00, 0x00, 0x00, 0x00, 0x00, 0x00, 0x00, 0x00, 0x00, 0x0f, 0xff, 0xf0, 0x1f, 0xff, 0xf8, 0x18, 
	0x00, 0x18, 0x18, 0x00, 0x18, 0x18, 0x00, 0x18, 0x18, 0x00, 0x18, 0x18, 0x00, 0x18, 0x18, 0x00, 
	0x18, 0x18, 0x00, 0x18, 0x18, 0x00, 0x18, 0x18, 0x00, 0x18, 0x18, 0x00, 0x18, 0x18, 0x00, 0x18, 
	0x18, 0x00, 0x18, 0x18, 0x00, 0x18, 0x18, 0x00, 0x18, 0x1f, 0xff, 0xf8, 0x0f, 0xff, 0xf0, 0x00, 
	0x00, 0x00, 0x00, 0x00, 0x00, 0x00, 0x00, 0x00
};
// 'refresh_24dp_E3E3E3_FILL0_wght400_GRAD0_opsz24', 24x24px
const unsigned char epd_bitmap_refresh_24dp_E3E3E3_FILL0_wght400_GRAD0_opsz24 [] PROGMEM = {
	0x00, 0x00, 0x00, 0x00, 0x00, 0x00, 0x00, 0x00, 0x00, 0x00, 0x00, 0x00, 0x00, 0x7c, 0x30, 0x01, 
	0xff, 0xb0, 0x03, 0xc3, 0xf0, 0x07, 0x00, 0xf0, 0x06, 0x00, 0x70, 0x0e, 0x07, 0xf0, 0x0c, 0x07, 
	0xf0, 0x0c, 0x00, 0x00, 0x0c, 0x00, 0x00, 0x0c, 0x00, 0x00, 0x0c, 0x00, 0x70, 0x06, 0x00, 0x60, 
	0x07, 0x00, 0xe0, 0x03, 0xc3, 0xc0, 0x01, 0xff, 0x80, 0x00, 0x7e, 0x00, 0x00, 0x00, 0x00, 0x00, 
	0x00, 0x00, 0x00, 0x00, 0x00, 0x00, 0x00, 0x00
};
// 'toggle_on_24dp_E3E3E3_FILL0_wght400_GRAD0_opsz24', 24x24px
const unsigned char epd_bitmap_toggle_on_24dp_E3E3E3_FILL0_wght400_GRAD0_opsz24 [] PROGMEM = {
	0x00, 0x00, 0x00, 0x00, 0x00, 0x00, 0x00, 0x00, 0x00, 0x00, 0x00, 0x00, 0x00, 0x00, 0x00, 0x00, 
	0x00, 0x00, 0x07, 0xff, 0xe0, 0x1f, 0xff, 0xf8, 0x38, 0x00, 0x1c, 0x30, 0x00, 0xec, 0x60, 0x01, 
	0xf6, 0x60, 0x03, 0xf6, 0x60, 0x03, 0xf6, 0x60, 0x03, 0xe6, 0x30, 0x01, 0xec, 0x38, 0x00, 0x1c, 
	0x1f, 0xff, 0xf8, 0x07, 0xff, 0xe0, 0x00, 0x00, 0x00, 0x00, 0x00, 0x00, 0x00, 0x00, 0x00, 0x00, 
	0x00, 0x00, 0x00, 0x00, 0x00, 0x00, 0x00, 0x00
};
// 'open_in_new_24dp_E3E3E3_FILL0_wght400_GRAD0_opsz24', 24x24px
const unsigned char epd_bitmap_open_in_new_24dp_E3E3E3_FILL0_wght400_GRAD0_opsz24 [] PROGMEM = {
	0x00, 0x00, 0x00, 0x00, 0x00, 0x00, 0x00, 0x00, 0x00, 0x0f, 0xf3, 0xf8, 0x1f, 0xf3, 0xf8, 0x18, 
	0x00, 0x78, 0x18, 0x00, 0xf8, 0x18, 0x01, 0xd8, 0x18, 0x03, 0x98, 0x18, 0x07, 0x18, 0x18, 0x0e, 
	0x00, 0x18, 0x1c, 0x00, 0x18, 0x38, 0x18, 0x18, 0x70, 0x18, 0x18, 0x60, 0x18, 0x18, 0x00, 0x18, 
	0x18, 0x00, 0x18, 0x18, 0x00, 0x18, 0x18, 0x00, 0x18, 0x1f, 0xff, 0xf8, 0x0f, 0xff, 0xf0, 0x00, 
	0x00, 0x00, 0x00, 0x00, 0x00, 0x00, 0x00, 0x00
};
// 'more_vert_24dp_E3E3E3_FILL0_wght400_GRAD0_opsz24', 24x24px
const unsigned char epd_bitmap_more_vert_24dp_E3E3E3_FILL0_wght400_GRAD0_opsz24 [] PROGMEM = {
	0x00, 0x00, 0x00, 0x00, 0x00, 0x00, 0x00, 0x00, 0x00, 0x00, 0x00, 0x00, 0x00, 0x18, 0x00, 0x00, 
	0x3c, 0x00, 0x00, 0x3c, 0x00, 0x00, 0x18, 0x00, 0x00, 0x00, 0x00, 0x00, 0x00, 0x00, 0x00, 0x18, 
	0x00, 0x00, 0x3c, 0x00, 0x00, 0x3c, 0x00, 0x00, 0x18, 0x00, 0x00, 0x00, 0x00, 0x00, 0x00, 0x00, 
	0x00, 0x18, 0x00, 0x00, 0x3c, 0x00, 0x00, 0x3c, 0x00, 0x00, 0x18, 0x00, 0x00, 0x00, 0x00, 0x00, 
	0x00, 0x00, 0x00, 0x00, 0x00, 0x00, 0x00, 0x00
};
// 'check_24dp_E3E3E3_FILL0_wght400_GRAD0_opsz24', 24x24px
const unsigned char epd_bitmap_check_24dp_E3E3E3_FILL0_wght400_GRAD0_opsz24 [] PROGMEM = {
	0x00, 0x00, 0x00, 0x00, 0x00, 0x00, 0x00, 0x00, 0x00, 0x00, 0x00, 0x00, 0x00, 0x00, 0x00, 0x00, 
	0x00, 0x00, 0x00, 0x00, 0x20, 0x00, 0x00, 0x70, 0x00, 0x00, 0xe0, 0x00, 0x01, 0xc0, 0x00, 0x03, 
	0x80, 0x04, 0x07, 0x00, 0x0e, 0x0e, 0x00, 0x07, 0x1c, 0x00, 0x03, 0xb8, 0x00, 0x01, 0xf0, 0x00, 
	0x00, 0xe0, 0x00, 0x00, 0x40, 0x00, 0x00, 0x00, 0x00, 0x00, 0x00, 0x00, 0x00, 0x00, 0x00, 0x00, 
	0x00, 0x00, 0x00, 0x00, 0x00, 0x00, 0x00, 0x00
};
// 'arrow_drop_down_24dp_E3E3E3_FILL0_wght400_GRAD0_opsz24', 24x24px
const unsigned char epd_bitmap_arrow_drop_down_24dp_E3E3E3_FILL0_wght400_GRAD0_opsz24 [] PROGMEM = {
	0x00, 0x00, 0x00, 0x00, 0x00, 0x00, 0x00, 0x00, 0x00, 0x00, 0x00, 0x00, 0x00, 0x00, 0x00, 0x00, 
	0x00, 0x00, 0x00, 0x00, 0x00, 0x00, 0x00, 0x00, 0x00, 0x00, 0x00, 0x00, 0x00, 0x00, 0x00, 0xff, 
	0x00, 0x00, 0x7e, 0x00, 0x00, 0x3c, 0x00, 0x00, 0x18, 0x00, 0x00, 0x00, 0x00, 0x00, 0x00, 0x00, 
	0x00, 0x00, 0x00, 0x00, 0x00, 0x00, 0x00, 0x00, 0x00, 0x00, 0x00, 0x00, 0x00, 0x00, 0x00, 0x00, 
	0x00, 0x00, 0x00, 0x00, 0x00, 0x00, 0x00, 0x00
};
// 'arrow_forward_24dp_E3E3E3_FILL0_wght400_GRAD0_opsz24', 24x24px
const unsigned char epd_bitmap_arrow_forward_24dp_E3E3E3_FILL0_wght400_GRAD0_opsz24 [] PROGMEM = {
	0x00, 0x00, 0x00, 0x00, 0x00, 0x00, 0x00, 0x00, 0x00, 0x00, 0x00, 0x00, 0x00, 0x00, 0x00, 0x00, 
	0x18, 0x00, 0x00, 0x0c, 0x00, 0x00, 0x06, 0x00, 0x00, 0x03, 0x00, 0x00, 0x01, 0x80, 0x00, 0x00, 
	0xc0, 0x0f, 0xff, 0xe0, 0x0f, 0xff, 0xe0, 0x00, 0x00, 0xc0, 0x00, 0x01, 0x80, 0x00, 0x03, 0x00, 
	0x00, 0x06, 0x00, 0x00, 0x0c, 0x00, 0x00, 0x18, 0x00, 0x00, 0x00, 0x00, 0x00, 0x00, 0x00, 0x00, 
	0x00, 0x00, 0x00, 0x00, 0x00, 0x00, 0x00, 0x00
};
// 'arrow_back_ios_24dp_E3E3E3_FILL0_wght400_GRAD0_opsz24', 24x24px
const unsigned char epd_bitmap_arrow_back_ios_24dp_E3E3E3_FILL0_wght400_GRAD0_opsz24 [] PROGMEM = {
	0x00, 0x00, 0x00, 0x00, 0x00, 0x00, 0x00, 0x00, 0x00, 0x00, 0x60, 0x00, 0x00, 0xe0, 0x00, 0x01, 
	0xc0, 0x00, 0x03, 0x80, 0x00, 0x07, 0x00, 0x00, 0x0e, 0x00, 0x00, 0x1c, 0x00, 0x00, 0x38, 0x00, 
	0x00, 0x70, 0x00, 0x00, 0x70, 0x00, 0x00, 0x38, 0x00, 0x00, 0x1c, 0x00, 0x00, 0x0e, 0x00, 0x00, 
	0x07, 0x00, 0x00, 0x03, 0x80, 0x00, 0x01, 0xc0, 0x00, 0x00, 0xe0, 0x00, 0x00, 0x60, 0x00, 0x00, 
	0x00, 0x00, 0x00, 0x00, 0x00, 0x00, 0x00, 0x00
};
// 'add_circle_24dp_E3E3E3_FILL0_wght400_GRAD0_opsz24', 24x24px
const unsigned char epd_bitmap_add_circle_24dp_E3E3E3_FILL0_wght400_GRAD0_opsz24 [] PROGMEM = {
	0x00, 0x00, 0x00, 0x00, 0x00, 0x00, 0x00, 0x7e, 0x00, 0x01, 0xff, 0x80, 0x07, 0x81, 0xe0, 0x0e, 
	0x00, 0x70, 0x0c, 0x00, 0x30, 0x18, 0x18, 0x18, 0x18, 0x18, 0x18, 0x30, 0x18, 0x0c, 0x30, 0x18, 
	0x0c, 0x31, 0xff, 0x8c, 0x31, 0xff, 0x8c, 0x30, 0x18, 0x0c, 0x30, 0x18, 0x0c, 0x18, 0x18, 0x18, 
	0x18, 0x18, 0x18, 0x0c, 0x00, 0x30, 0x0e, 0x00, 0x70, 0x03, 0x81, 0xe0, 0x01, 0xff, 0x80, 0x00, 
	0x7e, 0x00, 0x00, 0x00, 0x00, 0x00, 0x00, 0x00
};
// 'cancel_24dp_E3E3E3_FILL0_wght400_GRAD0_opsz24', 24x24px
const unsigned char epd_bitmap_cancel_24dp_E3E3E3_FILL0_wght400_GRAD0_opsz24 [] PROGMEM = {
	0x00, 0x00, 0x00, 0x00, 0x00, 0x00, 0x00, 0x7e, 0x00, 0x01, 0xff, 0x80, 0x07, 0x81, 0xe0, 0x0e, 
	0x00, 0x70, 0x0c, 0x00, 0x30, 0x18, 0x81, 0x18, 0x19, 0xc3, 0x98, 0x30, 0xe7, 0x0c, 0x30, 0x7e, 
	0x0c, 0x30, 0x3c, 0x0c, 0x30, 0x3c, 0x0c, 0x30, 0x7e, 0x0c, 0x30, 0xe7, 0x0c, 0x19, 0xc3, 0x98, 
	0x18, 0x81, 0x18, 0x0c, 0x00, 0x30, 0x0e, 0x00, 0x70, 0x03, 0x81, 0xe0, 0x01, 0xff, 0x80, 0x00, 
	0x7e, 0x00, 0x00, 0x00, 0x00, 0x00, 0x00, 0x00
};
// 'logout_24dp_E3E3E3_FILL0_wght400_GRAD0_opsz24', 24x24px
const unsigned char epd_bitmap_logout_24dp_E3E3E3_FILL0_wght400_GRAD0_opsz24 [] PROGMEM = {
	0x00, 0x00, 0x00, 0x00, 0x00, 0x00, 0x00, 0x00, 0x00, 0x0f, 0xf0, 0x00, 0x1f, 0xf0, 0x00, 0x18, 
	0x00, 0x00, 0x18, 0x00, 0x00, 0x18, 0x00, 0x00, 0x18, 0x01, 0x80, 0x18, 0x00, 0xc0, 0x18, 0x00, 
	0x60, 0x18, 0x7f, 0xf0, 0x18, 0x7f, 0xf0, 0x18, 0x00, 0x60, 0x18, 0x00, 0xc0, 0x18, 0x01, 0x80, 
	0x18, 0x00, 0x00, 0x18, 0x00, 0x00, 0x18, 0x00, 0x00, 0x1f, 0xf0, 0x00, 0x0f, 0xf0, 0x00, 0x00, 
	0x00, 0x00, 0x00, 0x00, 0x00, 0x00, 0x00, 0x00
};
// 'arrow_forward_ios_24dp_E3E3E3_FILL0_wght400_GRAD0_opsz24', 24x24px
const unsigned char epd_bitmap_arrow_forward_ios_24dp_E3E3E3_FILL0_wght400_GRAD0_opsz24 [] PROGMEM = {
	0x00, 0x00, 0x00, 0x00, 0x00, 0x00, 0x00, 0x00, 0x00, 0x01, 0x80, 0x00, 0x01, 0xc0, 0x00, 0x00, 
	0xe0, 0x00, 0x00, 0x70, 0x00, 0x00, 0x38, 0x00, 0x00, 0x1c, 0x00, 0x00, 0x0e, 0x00, 0x00, 0x07, 
	0x00, 0x00, 0x03, 0x80, 0x00, 0x03, 0x80, 0x00, 0x07, 0x00, 0x00, 0x0e, 0x00, 0x00, 0x1c, 0x00, 
	0x00, 0x38, 0x00, 0x00, 0x70, 0x00, 0x00, 0xe0, 0x00, 0x01, 0xc0, 0x00, 0x01, 0x80, 0x00, 0x00, 
	0x00, 0x00, 0x00, 0x00, 0x00, 0x00, 0x00, 0x00
};
// 'arrow_back_24dp_E3E3E3_FILL0_wght400_GRAD0_opsz24', 24x24px
const unsigned char epd_bitmap_arrow_back_24dp_E3E3E3_FILL0_wght400_GRAD0_opsz24 [] PROGMEM = {
	0x00, 0x00, 0x00, 0x00, 0x00, 0x00, 0x00, 0x00, 0x00, 0x00, 0x00, 0x00, 0x00, 0x00, 0x00, 0x00, 
	0x18, 0x00, 0x00, 0x30, 0x00, 0x00, 0x60, 0x00, 0x00, 0xc0, 0x00, 0x01, 0x80, 0x00, 0x03, 0x00, 
	0x00, 0x07, 0xff, 0xf0, 0x07, 0xff, 0xf0, 0x03, 0x00, 0x00, 0x01, 0x80, 0x00, 0x00, 0xc0, 0x00, 
	0x00, 0x60, 0x00, 0x00, 0x30, 0x00, 0x00, 0x18, 0x00, 0x00, 0x00, 0x00, 0x00, 0x00, 0x00, 0x00, 
	0x00, 0x00, 0x00, 0x00, 0x00, 0x00, 0x00, 0x00
};
// 'delete_24dp_E3E3E3_FILL0_wght400_GRAD0_opsz24', 24x24px
const unsigned char epd_bitmap_delete_24dp_E3E3E3_FILL0_wght400_GRAD0_opsz24 [] PROGMEM = {
	0x00, 0x00, 0x00, 0x00, 0x00, 0x00, 0x00, 0x00, 0x00, 0x00, 0x7e, 0x00, 0x0f, 0xff, 0xf0, 0x0f, 
	0xff, 0xf0, 0x06, 0x00, 0x60, 0x06, 0x00, 0x60, 0x06, 0x66, 0x60, 0x06, 0x66, 0x60, 0x06, 0x66, 
	0x60, 0x06, 0x66, 0x60, 0x06, 0x66, 0x60, 0x06, 0x66, 0x60, 0x06, 0x66, 0x60, 0x06, 0x66, 0x60, 
	0x06, 0x66, 0x60, 0x06, 0x00, 0x60, 0x06, 0x00, 0x60, 0x07, 0xff, 0xe0, 0x03, 0xff, 0xc0, 0x00, 
	0x00, 0x00, 0x00, 0x00, 0x00, 0x00, 0x00, 0x00
};
// 'add_24dp_E3E3E3_FILL0_wght400_GRAD0_opsz24', 24x24px
const unsigned char epd_bitmap_add_24dp_E3E3E3_FILL0_wght400_GRAD0_opsz24 [] PROGMEM = {
	0x00, 0x00, 0x00, 0x00, 0x00, 0x00, 0x00, 0x00, 0x00, 0x00, 0x00, 0x00, 0x00, 0x00, 0x00, 0x00, 
	0x18, 0x00, 0x00, 0x18, 0x00, 0x00, 0x18, 0x00, 0x00, 0x18, 0x00, 0x00, 0x18, 0x00, 0x00, 0x18, 
	0x00, 0x07, 0xff, 0xe0, 0x07, 0xff, 0xe0, 0x00, 0x18, 0x00, 0x00, 0x18, 0x00, 0x00, 0x18, 0x00, 
	0x00, 0x18, 0x00, 0x00, 0x18, 0x00, 0x00, 0x18, 0x00, 0x00, 0x00, 0x00, 0x00, 0x00, 0x00, 0x00, 
	0x00, 0x00, 0x00, 0x00, 0x00, 0x00, 0x00, 0x00
};
// 'favorite_24dp_E3E3E3_FILL0_wght400_GRAD0_opsz24', 24x24px
const unsigned char epd_bitmap_favorite_24dp_E3E3E3_FILL0_wght400_GRAD0_opsz24 [] PROGMEM = {
	0x00, 0x00, 0x00, 0x00, 0x00, 0x00, 0x00, 0x00, 0x00, 0x07, 0xc3, 0xe0, 0x1f, 0xff, 0xf8, 0x18, 
	0x3c, 0x18, 0x30, 0x18, 0x0c, 0x30, 0x00, 0x0c, 0x30, 0x00, 0x0c, 0x30, 0x00, 0x0c, 0x38, 0x00, 
	0x1c, 0x18, 0x00, 0x18, 0x0c, 0x00, 0x30, 0x0e, 0x00, 0x70, 0x07, 0x00, 0xe0, 0x03, 0x81, 0xc0, 
	0x01, 0xc3, 0x80, 0x00, 0xe7, 0x00, 0x00, 0x7e, 0x00, 0x00, 0x3c, 0x00, 0x00, 0x18, 0x00, 0x00, 
	0x00, 0x00, 0x00, 0x00, 0x00, 0x00, 0x00, 0x00
};
// 'check_circle_24dp_E3E3E3_FILL0_wght400_GRAD0_opsz24', 24x24px
const unsigned char epd_bitmap_check_circle_24dp_E3E3E3_FILL0_wght400_GRAD0_opsz24 [] PROGMEM = {
	0x00, 0x00, 0x00, 0x00, 0x00, 0x00, 0x00, 0x7e, 0x00, 0x01, 0xff, 0x80, 0x07, 0x81, 0xe0, 0x0e, 
	0x00, 0x70, 0x0c, 0x00, 0x30, 0x18, 0x00, 0x18, 0x18, 0x00, 0x98, 0x30, 0x01, 0x8c, 0x30, 0x03, 
	0x8c, 0x31, 0x07, 0x0c, 0x31, 0x8e, 0x0c, 0x30, 0xdc, 0x0c, 0x30, 0x78, 0x0c, 0x18, 0x30, 0x18, 
	0x18, 0x00, 0x18, 0x0c, 0x00, 0x30, 0x0e, 0x00, 0x70, 0x03, 0x81, 0xe0, 0x01, 0xff, 0x80, 0x00, 
	0x7e, 0x00, 0x00, 0x00, 0x00, 0x00, 0x00, 0x00
};
// 'settings_24dp_E3E3E3_FILL0_wght400_GRAD0_opsz24', 24x24px
const unsigned char epd_bitmap_settings_24dp_E3E3E3_FILL0_wght400_GRAD0_opsz24 [] PROGMEM = {
	0x00, 0x00, 0x00, 0x00, 0x00, 0x00, 0x00, 0x7e, 0x00, 0x00, 0x7e, 0x00, 0x00, 0x66, 0x00, 0x0e, 
	0xe7, 0x70, 0x0f, 0xe7, 0xf0, 0x19, 0x81, 0xd8, 0x38, 0x00, 0x1c, 0x38, 0x3c, 0x1c, 0x1e, 0x7e, 
	0x70, 0x04, 0x7e, 0x20, 0x04, 0x7e, 0x20, 0x0e, 0x7e, 0x78, 0x38, 0x3c, 0x1c, 0x38, 0x00, 0x1c, 
	0x1b, 0x81, 0xd8, 0x0f, 0xe7, 0xf0, 0x0e, 0xe7, 0x70, 0x00, 0x66, 0x00, 0x00, 0x7e, 0x00, 0x00, 
	0x7e, 0x00, 0x00, 0x00, 0x00, 0x00, 0x00, 0x00
};
// 'close_24dp_E3E3E3_FILL0_wght400_GRAD0_opsz24', 24x24px
const unsigned char epd_bitmap_close_24dp_E3E3E3_FILL0_wght400_GRAD0_opsz24 [] PROGMEM = {
	0x00, 0x00, 0x00, 0x00, 0x00, 0x00, 0x00, 0x00, 0x00, 0x00, 0x00, 0x00, 0x00, 0x00, 0x00, 0x02, 
	0x00, 0x40, 0x07, 0x00, 0xe0, 0x03, 0x81, 0xc0, 0x01, 0xc3, 0x80, 0x00, 0xe7, 0x00, 0x00, 0x7e, 
	0x00, 0x00, 0x3c, 0x00, 0x00, 0x3c, 0x00, 0x00, 0x7e, 0x00, 0x00, 0xe7, 0x00, 0x01, 0xc3, 0x80, 
	0x03, 0x81, 0xc0, 0x07, 0x00, 0xe0, 0x02, 0x00, 0x40, 0x00, 0x00, 0x00, 0x00, 0x00, 0x00, 0x00, 
	0x00, 0x00, 0x00, 0x00, 0x00, 0x00, 0x00, 0x00
};
// 'menu_24dp_E3E3E3_FILL0_wght400_GRAD0_opsz24', 24x24px
const unsigned char epd_bitmap_menu_24dp_E3E3E3_FILL0_wght400_GRAD0_opsz24 [] PROGMEM = {
	0x00, 0x00, 0x00, 0x00, 0x00, 0x00, 0x00, 0x00, 0x00, 0x00, 0x00, 0x00, 0x00, 0x00, 0x00, 0x00, 
	0x00, 0x00, 0x1f, 0xff, 0xf8, 0x1f, 0xff, 0xf8, 0x00, 0x00, 0x00, 0x00, 0x00, 0x00, 0x00, 0x00, 
	0x00, 0x1f, 0xff, 0xf8, 0x1f, 0xff, 0xf8, 0x00, 0x00, 0x00, 0x00, 0x00, 0x00, 0x00, 0x00, 0x00, 
	0x1f, 0xff, 0xf8, 0x1f, 0xff, 0xf8, 0x00, 0x00, 0x00, 0x00, 0x00, 0x00, 0x00, 0x00, 0x00, 0x00, 
	0x00, 0x00, 0x00, 0x00, 0x00, 0x00, 0x00, 0x00
};
// 'home_24dp_E3E3E3_FILL0_wght400_GRAD0_opsz24', 24x24px
const unsigned char epd_bitmap_home_24dp_E3E3E3_FILL0_wght400_GRAD0_opsz24 [] PROGMEM = {
	0x00, 0x00, 0x00, 0x00, 0x00, 0x00, 0x00, 0x00, 0x00, 0x00, 0x18, 0x00, 0x00, 0x3c, 0x00, 0x00, 
	0x7e, 0x00, 0x01, 0xe7, 0x80, 0x03, 0x81, 0xc0, 0x07, 0x00, 0xe0, 0x0e, 0x00, 0x70, 0x0c, 0x00, 
	0x30, 0x0c, 0x00, 0x30, 0x0c, 0x00, 0x30, 0x0c, 0x7e, 0x30, 0x0c, 0x7e, 0x30, 0x0c, 0x66, 0x30, 
	0x0c, 0x66, 0x30, 0x0c, 0x66, 0x30, 0x0c, 0x66, 0x30, 0x0f, 0xe7, 0xf0, 0x0f, 0xe7, 0xf0, 0x00, 
	0x00, 0x00, 0x00, 0x00, 0x00, 0x00, 0x00, 0x00
};
// 'search_24dp_E3E3E3_FILL0_wght400_GRAD0_opsz24', 24x24px
const unsigned char epd_bitmap_search_24dp_E3E3E3_FILL0_wght400_GRAD0_opsz24 [] PROGMEM = {
	0x00, 0x00, 0x00, 0x00, 0x00, 0x00, 0x00, 0x00, 0x00, 0x01, 0xf0, 0x00, 0x07, 0xfc, 0x00, 0x0e, 
	0x0e, 0x00, 0x0c, 0x06, 0x00, 0x18, 0x03, 0x00, 0x18, 0x03, 0x00, 0x18, 0x03, 0x00, 0x18, 0x03, 
	0x00, 0x18, 0x03, 0x00, 0x0c, 0x06, 0x00, 0x0e, 0x0e, 0x00, 0x07, 0xff, 0x00, 0x01, 0xf3, 0x80, 
	0x00, 0x01, 0xc0, 0x00, 0x00, 0xe0, 0x00, 0x00, 0x70, 0x00, 0x00, 0x38, 0x00, 0x00, 0x10, 0x00, 
	0x00, 0x00, 0x00, 0x00, 0x00, 0x00, 0x00, 0x00
};

// Array of all bitmaps for convenience. (Total bytes used to store images in PROGMEM = 21504)
const int epd_bitmap_allArray_LEN = 224;
const unsigned char* epd_bitmap_allArray[224] = {
	epd_bitmap_4g_plus_mobiledata_24dp_E3E3E3_FILL0_wght400_GRAD0_opsz24,
	epd_bitmap_add_24dp_E3E3E3_FILL0_wght400_GRAD0_opsz24,
	epd_bitmap_add_a_photo_24dp_E3E3E3_FILL0_wght400_GRAD0_opsz24,
	epd_bitmap_add_box_24dp_E3E3E3_FILL0_wght400_GRAD0_opsz24,
	epd_bitmap_add_circle_24dp_E3E3E3_FILL0_wght400_GRAD0_opsz24,
	epd_bitmap_add_photo_alternate_24dp_E3E3E3_FILL0_wght400_GRAD0_opsz24,
	epd_bitmap_add_task_24dp_E3E3E3_FILL0_wght400_GRAD0_opsz24,
	epd_bitmap_airplanemode_inactive_24dp_E3E3E3_FILL0_wght400_GRAD0_opsz24,
	epd_bitmap_alarm_24dp_E3E3E3_FILL0_wght400_GRAD0_opsz24,
	epd_bitmap_alarm_off_24dp_E3E3E3_FILL0_wght400_GRAD0_opsz24,
	epd_bitmap_alarm_on_24dp_E3E3E3_FILL0_wght400_GRAD0_opsz24,
	epd_bitmap_android_24dp_E3E3E3_FILL0_wght400_GRAD0_opsz24,
	epd_bitmap_app_registration_24dp_E3E3E3_FILL0_wght400_GRAD0_opsz24,
	epd_bitmap_apps_24dp_E3E3E3_FILL0_wght400_GRAD0_opsz24,
	epd_bitmap_apps_outage_24dp_E3E3E3_FILL0_wght400_GRAD0_opsz24,
	epd_bitmap_arrow_back_24dp_E3E3E3_FILL0_wght400_GRAD0_opsz24,
	epd_bitmap_arrow_back_ios_24dp_E3E3E3_FILL0_wght400_GRAD0_opsz24,
	epd_bitmap_arrow_back_ios_new_24dp_E3E3E3_FILL0_wght400_GRAD0_opsz24,
	epd_bitmap_arrow_circle_left_24dp_E3E3E3_FILL0_wght400_GRAD0_opsz24,
	epd_bitmap_arrow_circle_right_24dp_E3E3E3_FILL0_wght400_GRAD0_opsz24,
	epd_bitmap_arrow_circle_up_24dp_E3E3E3_FILL0_wght400_GRAD0_opsz24,
	epd_bitmap_arrow_downward_24dp_E3E3E3_FILL0_wght400_GRAD0_opsz24,
	epd_bitmap_arrow_drop_down_24dp_E3E3E3_FILL0_wght400_GRAD0_opsz24,
	epd_bitmap_arrow_forward_24dp_E3E3E3_FILL0_wght400_GRAD0_opsz24,
	epd_bitmap_arrow_forward_ios_24dp_E3E3E3_FILL0_wght400_GRAD0_opsz24,
	epd_bitmap_arrow_upward_24dp_E3E3E3_FILL0_wght400_GRAD0_opsz24,
	epd_bitmap_attach_money_24dp_E3E3E3_FILL0_wght400_GRAD0_opsz24,
	epd_bitmap_autorenew_24dp_E3E3E3_FILL0_wght400_GRAD0_opsz24,
	epd_bitmap_backspace_24dp_E3E3E3_FILL0_wght400_GRAD0_opsz24,
	epd_bitmap_battery_android_0_24dp_E3E3E3_FILL0_wght400_GRAD0_opsz24,
	epd_bitmap_battery_android_2_24dp_E3E3E3_FILL0_wght400_GRAD0_opsz24,
	epd_bitmap_battery_android_4_24dp_E3E3E3_FILL0_wght400_GRAD0_opsz24,
	epd_bitmap_battery_android_frame_1_24dp_E3E3E3_FILL0_wght400_GRAD0_opsz24,
	epd_bitmap_battery_android_frame_5_24dp_E3E3E3_FILL0_wght400_GRAD0_opsz24,
	epd_bitmap_battery_android_frame_6_24dp_E3E3E3_FILL0_wght400_GRAD0_opsz24,
	epd_bitmap_bedtime_24dp_E3E3E3_FILL0_wght400_GRAD0_opsz24,
	epd_bitmap_bluetooth_24dp_E3E3E3_FILL0_wght400_GRAD0_opsz24,
	epd_bitmap_bluetooth_connected_24dp_E3E3E3_FILL0_wght400_GRAD0_opsz24,
	epd_bitmap_bluetooth_disabled_24dp_E3E3E3_FILL0_wght400_GRAD0_opsz24,
	epd_bitmap_bolt_24dp_E3E3E3_FILL0_wght400_GRAD0_opsz24,
	epd_bitmap_brightness_5_24dp_E3E3E3_FILL0_wght400_GRAD0_opsz24,
	epd_bitmap_brightness_medium_24dp_E3E3E3_FILL0_wght400_GRAD0_opsz24,
	epd_bitmap_browse_activity_24dp_E3E3E3_FILL0_wght400_GRAD0_opsz24,
	epd_bitmap_browse_gallery_24dp_E3E3E3_FILL0_wght400_GRAD0_opsz24,
	epd_bitmap_bug_report_24dp_E3E3E3_FILL0_wght400_GRAD0_opsz24,
	epd_bitmap_build_24dp_E3E3E3_FILL0_wght400_GRAD0_opsz24,
	epd_bitmap_cached_24dp_E3E3E3_FILL0_wght400_GRAD0_opsz24,
	epd_bitmap_call_24dp_E3E3E3_FILL0_wght400_GRAD0_opsz24,
	epd_bitmap_camera_24dp_E3E3E3_FILL0_wght400_GRAD0_opsz24,
	epd_bitmap_cancel_24dp_E3E3E3_FILL0_wght400_GRAD0_opsz24,
	epd_bitmap_captive_portal_24dp_E3E3E3_FILL0_wght400_GRAD0_opsz24,
	epd_bitmap_change_circle_24dp_E3E3E3_FILL0_wght400_GRAD0_opsz24,
	epd_bitmap_chat_24dp_E3E3E3_FILL0_wght400_GRAD0_opsz24,
	epd_bitmap_chat_bubble_24dp_E3E3E3_FILL0_wght400_GRAD0_opsz24,
	epd_bitmap_check_24dp_E3E3E3_FILL0_wght400_GRAD0_opsz24,
	epd_bitmap_check_box_outline_blank_24dp_E3E3E3_FILL0_wght400_GRAD0_opsz24,
	epd_bitmap_check_circle_24dp_E3E3E3_FILL0_wght400_GRAD0_opsz24,
	epd_bitmap_chevron_left_24dp_E3E3E3_FILL0_wght400_GRAD0_opsz24,
	epd_bitmap_circle_24dp_E3E3E3_FILL0_wght400_GRAD0_opsz24,
	epd_bitmap_clear_day_24dp_E3E3E3_FILL0_wght400_GRAD0_opsz24,
	epd_bitmap_close_24dp_E3E3E3_FILL0_wght400_GRAD0_opsz24,
	epd_bitmap_close_fullscreen_24dp_E3E3E3_FILL0_wght400_GRAD0_opsz24,
	epd_bitmap_code_24dp_E3E3E3_FILL0_wght400_GRAD0_opsz24,
	epd_bitmap_collections_bookmark_24dp_E3E3E3_FILL0_wght400_GRAD0_opsz24,
	epd_bitmap_contact_support_24dp_E3E3E3_FILL0_wght400_GRAD0_opsz24,
	epd_bitmap_create_new_folder_24dp_E3E3E3_FILL0_wght400_GRAD0_opsz24,
	epd_bitmap_css_24dp_E3E3E3_FILL0_wght400_GRAD0_opsz24,
	epd_bitmap_dangerous_24dp_E3E3E3_FILL0_wght400_GRAD0_opsz24,
	epd_bitmap_dark_mode_24dp_E3E3E3_FILL0_wght400_GRAD0_opsz24,
	epd_bitmap_database_24dp_E3E3E3_FILL0_wght400_GRAD0_opsz24,
	epd_bitmap_dataset_24dp_E3E3E3_FILL0_wght400_GRAD0_opsz24,
	epd_bitmap_delete_24dp_E3E3E3_FILL0_wght400_GRAD0_opsz24,
	epd_bitmap_delete_forever_24dp_E3E3E3_FILL0_wght400_GRAD0_opsz24,
	epd_bitmap_delete_sweep_24dp_E3E3E3_FILL0_wght400_GRAD0_opsz24,
	epd_bitmap_disabled_by_default_24dp_E3E3E3_FILL0_wght400_GRAD0_opsz24,
	epd_bitmap_do_not_disturb_on_24dp_E3E3E3_FILL0_wght400_GRAD0_opsz24,
	epd_bitmap_done_outline_24dp_E3E3E3_FILL0_wght400_GRAD0_opsz24,
	epd_bitmap_double_arrow_24dp_E3E3E3_FILL0_wght400_GRAD0_opsz24,
	epd_bitmap_download_24dp_E3E3E3_FILL0_wght400_GRAD0_opsz24,
	epd_bitmap_download_done_24dp_E3E3E3_FILL0_wght400_GRAD0_opsz24,
	epd_bitmap_downloading_24dp_E3E3E3_FILL0_wght400_GRAD0_opsz24,
	epd_bitmap_drag_pan_24dp_E3E3E3_FILL0_wght400_GRAD0_opsz24,
	epd_bitmap_edit_24dp_E3E3E3_FILL0_wght400_GRAD0_opsz24,
	epd_bitmap_error_24dp_E3E3E3_FILL0_wght400_GRAD0_opsz24,
	epd_bitmap_event_busy_24dp_E3E3E3_FILL0_wght400_GRAD0_opsz24,
	epd_bitmap_exit_to_app_24dp_E3E3E3_FILL0_wght400_GRAD0_opsz24,
	epd_bitmap_expand_circle_down_24dp_E3E3E3_FILL0_wght400_GRAD0_opsz24,
	epd_bitmap_favorite_24dp_E3E3E3_FILL0_wght400_GRAD0_opsz24,
	epd_bitmap_file_open_24dp_E3E3E3_FILL0_wght400_GRAD0_opsz24,
	epd_bitmap_filter_alt_24dp_E3E3E3_FILL0_wght400_GRAD0_opsz24,
	epd_bitmap_filter_alt_off_24dp_E3E3E3_FILL0_wght400_GRAD0_opsz24,
	epd_bitmap_filter_list_24dp_E3E3E3_FILL0_wght400_GRAD0_opsz24,
	epd_bitmap_flash_on_24dp_E3E3E3_FILL0_wght400_GRAD0_opsz24,
	epd_bitmap_flashlight_on_24dp_E3E3E3_FILL0_wght400_GRAD0_opsz24,
	epd_bitmap_flight_24dp_E3E3E3_FILL0_wght400_GRAD0_opsz24,
	epd_bitmap_flip_camera_ios_24dp_E3E3E3_FILL0_wght400_GRAD0_opsz24,
	epd_bitmap_forum_24dp_E3E3E3_FILL0_wght400_GRAD0_opsz24,
	epd_bitmap_fullscreen_24dp_E3E3E3_FILL0_wght400_GRAD0_opsz24,
	epd_bitmap_g_translate_24dp_E3E3E3_FILL0_wght400_GRAD0_opsz24,
	epd_bitmap_hdr_on_24dp_E3E3E3_FILL0_wght400_GRAD0_opsz24,
	epd_bitmap_heart_plus_24dp_E3E3E3_FILL0_wght400_GRAD0_opsz24,
	epd_bitmap_help_24dp_E3E3E3_FILL0_wght400_GRAD0_opsz24,
	epd_bitmap_history_24dp_E3E3E3_FILL0_wght400_GRAD0_opsz24,
	epd_bitmap_history_toggle_off_24dp_E3E3E3_FILL0_wght400_GRAD0_opsz24,
	epd_bitmap_home_24dp_E3E3E3_FILL0_wght400_GRAD0_opsz24,
	epd_bitmap_html_24dp_E3E3E3_FILL0_wght400_GRAD0_opsz24,
	epd_bitmap_image_24dp_E3E3E3_FILL0_wght400_GRAD0_opsz24,
	epd_bitmap_info_24dp_E3E3E3_FILL0_wght400_GRAD0_opsz24,
	epd_bitmap_input_24dp_E3E3E3_FILL0_wght400_GRAD0_opsz24,
	epd_bitmap_install_desktop_24dp_E3E3E3_FILL0_wght400_GRAD0_opsz24,
	epd_bitmap_inventory_2_24dp_E3E3E3_FILL0_wght400_GRAD0_opsz24,
	epd_bitmap_ios_share_24dp_E3E3E3_FILL0_wght400_GRAD0_opsz24,
	epd_bitmap_key_24dp_E3E3E3_FILL0_wght400_GRAD0_opsz24,
	epd_bitmap_keyboard_double_arrow_right_24dp_E3E3E3_FILL0_wght400_GRAD0_opsz24,
	epd_bitmap_language_24dp_E3E3E3_FILL0_wght400_GRAD0_opsz24,
	epd_bitmap_link_24dp_E3E3E3_FILL0_wght400_GRAD0_opsz24,
	epd_bitmap_lock_24dp_E3E3E3_FILL0_wght400_GRAD0_opsz24,
	epd_bitmap_lock_open_24dp_E3E3E3_FILL0_wght400_GRAD0_opsz24,
	epd_bitmap_login_24dp_E3E3E3_FILL0_wght400_GRAD0_opsz24,
	epd_bitmap_logout_24dp_E3E3E3_FILL0_wght400_GRAD0_opsz24,
	epd_bitmap_lte_plus_mobiledata_badge_24dp_E3E3E3_FILL0_wght400_GRAD0_opsz24,
	epd_bitmap_mail_24dp_E3E3E3_FILL0_wght400_GRAD0_opsz24,
	epd_bitmap_manage_accounts_24dp_E3E3E3_FILL0_wght400_GRAD0_opsz24,
	epd_bitmap_mark_email_unread_24dp_E3E3E3_FILL0_wght400_GRAD0_opsz24,
	epd_bitmap_menu_24dp_E3E3E3_FILL0_wght400_GRAD0_opsz24,
	epd_bitmap_menu_book_24dp_E3E3E3_FILL0_wght400_GRAD0_opsz24,
	epd_bitmap_menu_open_24dp_E3E3E3_FILL0_wght400_GRAD0_opsz24,
	epd_bitmap_mic_24dp_E3E3E3_FILL0_wght400_GRAD0_opsz24,
	epd_bitmap_minimize_24dp_E3E3E3_FILL0_wght400_GRAD0_opsz24,
	epd_bitmap_more_horiz_24dp_E3E3E3_FILL0_wght400_GRAD0_opsz24,
	epd_bitmap_more_vert_24dp_E3E3E3_FILL0_wght400_GRAD0_opsz24,
	epd_bitmap_move_up_24dp_E3E3E3_FILL0_wght400_GRAD0_opsz24,
	epd_bitmap_movie_24dp_E3E3E3_FILL0_wght400_GRAD0_opsz24,
	epd_bitmap_nest_clock_farsight_digital_24dp_E3E3E3_FILL0_wght400_GRAD0_opsz24,
	epd_bitmap_nfc_24dp_E3E3E3_FILL0_wght400_GRAD0_opsz24,
	epd_bitmap_notification_important_24dp_E3E3E3_FILL0_wght400_GRAD0_opsz24,
	epd_bitmap_notifications_24dp_E3E3E3_FILL0_wght400_GRAD0_opsz24,
	epd_bitmap_notifications_active_24dp_E3E3E3_FILL0_wght400_GRAD0_opsz24,
	epd_bitmap_open_in_full_24dp_E3E3E3_FILL0_wght400_GRAD0_opsz24,
	epd_bitmap_open_in_new_24dp_E3E3E3_FILL0_wght400_GRAD0_opsz24,
	epd_bitmap_open_with_24dp_E3E3E3_FILL0_wght400_GRAD0_opsz24,
	epd_bitmap_palette_24dp_E3E3E3_FILL0_wght400_GRAD0_opsz24,
	epd_bitmap_partly_cloudy_day_24dp_E3E3E3_FILL0_wght400_GRAD0_opsz24,
	epd_bitmap_password_24dp_E3E3E3_FILL0_wght400_GRAD0_opsz24,
	epd_bitmap_pause_24dp_E3E3E3_FILL0_wght400_GRAD0_opsz24,
	epd_bitmap_photo_24dp_E3E3E3_FILL0_wght400_GRAD0_opsz24,
	epd_bitmap_photo_camera_24dp_E3E3E3_FILL0_wght400_GRAD0_opsz24,
	epd_bitmap_photo_library_24dp_E3E3E3_FILL0_wght400_GRAD0_opsz24,
	epd_bitmap_pin_24dp_E3E3E3_FILL0_wght400_GRAD0_opsz24,
	epd_bitmap_play_arrow_24dp_E3E3E3_FILL0_wght400_GRAD0_opsz24,
	epd_bitmap_power_settings_new_24dp_E3E3E3_FILL0_wght400_GRAD0_opsz24,
	epd_bitmap_public_24dp_E3E3E3_FILL0_wght400_GRAD0_opsz24,
	epd_bitmap_question_mark_24dp_E3E3E3_FILL0_wght400_GRAD0_opsz24,
	epd_bitmap_radio_button_checked_24dp_E3E3E3_FILL0_wght400_GRAD0_opsz24,
	epd_bitmap_radio_button_unchecked_24dp_E3E3E3_FILL0_wght400_GRAD0_opsz24,
	epd_bitmap_rainy_24dp_E3E3E3_FILL0_wght400_GRAD0_opsz24,
	epd_bitmap_refresh_24dp_E3E3E3_FILL0_wght400_GRAD0_opsz24,
	epd_bitmap_remove_24dp_E3E3E3_FILL0_wght400_GRAD0_opsz24,
	epd_bitmap_reply_24dp_E3E3E3_FILL0_wght400_GRAD0_opsz24,
	epd_bitmap_restart_alt_24dp_E3E3E3_FILL0_wght400_GRAD0_opsz24,
	epd_bitmap_routine_24dp_E3E3E3_FILL0_wght400_GRAD0_opsz24,
	epd_bitmap_rule_24dp_E3E3E3_FILL0_wght400_GRAD0_opsz24,
	epd_bitmap_schedule_24dp_E3E3E3_FILL0_wght400_GRAD0_opsz24,
	epd_bitmap_search_24dp_E3E3E3_FILL0_wght400_GRAD0_opsz24,
	epd_bitmap_select_all_24dp_E3E3E3_FILL0_wght400_GRAD0_opsz24,
	epd_bitmap_select_check_box_24dp_E3E3E3_FILL0_wght400_GRAD0_opsz24,
	epd_bitmap_send_24dp_E3E3E3_FILL0_wght400_GRAD0_opsz24,
	epd_bitmap_sentiment_satisfied_24dp_E3E3E3_FILL0_wght400_GRAD0_opsz24,
	epd_bitmap_settings_24dp_E3E3E3_FILL0_wght400_GRAD0_opsz24,
	epd_bitmap_settings_accessibility_24dp_E3E3E3_FILL0_wght400_GRAD0_opsz24,
	epd_bitmap_settings_applications_24dp_E3E3E3_FILL0_wght400_GRAD0_opsz24,
	epd_bitmap_shopping_cart_checkout_24dp_E3E3E3_FILL0_wght400_GRAD0_opsz24,
	epd_bitmap_signal_wifi_statusbar_not_connected_24dp_E3E3E3_FILL0_wght400_GRAD0_opsz24,
	epd_bitmap_sort_24dp_E3E3E3_FILL0_wght400_GRAD0_opsz24,
	epd_bitmap_sort_by_alpha_24dp_E3E3E3_FILL0_wght400_GRAD0_opsz24,
	epd_bitmap_speed_24dp_E3E3E3_FILL0_wght400_GRAD0_opsz24,
	epd_bitmap_split_scene_right_24dp_E3E3E3_FILL0_wght400_GRAD0_opsz24,
	epd_bitmap_split_scene_up_24dp_E3E3E3_FILL0_wght400_GRAD0_opsz24,
	epd_bitmap_star_half_24dp_E3E3E3_FILL0_wght400_GRAD0_opsz24,
	epd_bitmap_start_24dp_E3E3E3_FILL0_wght400_GRAD0_opsz24,
	epd_bitmap_steppers_24dp_E3E3E3_FILL0_wght400_GRAD0_opsz24,
	epd_bitmap_sunny_24dp_E3E3E3_FILL0_wght400_GRAD0_opsz24,
	epd_bitmap_support_24dp_E3E3E3_FILL0_wght400_GRAD0_opsz24,
	epd_bitmap_swap_horiz_24dp_E3E3E3_FILL0_wght400_GRAD0_opsz24,
	epd_bitmap_swap_vert_24dp_E3E3E3_FILL0_wght400_GRAD0_opsz24,
	epd_bitmap_sync_24dp_E3E3E3_FILL0_wght400_GRAD0_opsz24,
	epd_bitmap_sync_disabled_24dp_E3E3E3_FILL0_wght400_GRAD0_opsz24,
	epd_bitmap_terminal_24dp_E3E3E3_FILL0_wght400_GRAD0_opsz24,
	epd_bitmap_thumb_up_24dp_E3E3E3_FILL0_wght400_GRAD0_opsz24,
	epd_bitmap_thunderstorm_24dp_E3E3E3_FILL0_wght400_GRAD0_opsz24,
	epd_bitmap_timer_24dp_E3E3E3_FILL0_wght400_GRAD0_opsz24,
	epd_bitmap_today_24dp_E3E3E3_FILL0_wght400_GRAD0_opsz24,
	epd_bitmap_toggle_off_24dp_E3E3E3_FILL0_wght400_GRAD0_opsz24,
	epd_bitmap_toggle_on_24dp_E3E3E3_FILL0_wght400_GRAD0_opsz24,
	epd_bitmap_translate_24dp_E3E3E3_FILL0_wght400_GRAD0_opsz24,
	epd_bitmap_travel_explore_24dp_E3E3E3_FILL0_wght400_GRAD0_opsz24,
	epd_bitmap_tune_24dp_E3E3E3_FILL0_wght400_GRAD0_opsz24,
	epd_bitmap_undo_24dp_E3E3E3_FILL0_wght400_GRAD0_opsz24,
	epd_bitmap_update_24dp_E3E3E3_FILL0_wght400_GRAD0_opsz24,
	epd_bitmap_upgrade_24dp_E3E3E3_FILL0_wght400_GRAD0_opsz24,
	epd_bitmap_upload_24dp_E3E3E3_FILL0_wght400_GRAD0_opsz24,
	epd_bitmap_upload_file_24dp_E3E3E3_FILL0_wght400_GRAD0_opsz24,
	epd_bitmap_verified_24dp_E3E3E3_FILL0_wght400_GRAD0_opsz24,
	epd_bitmap_view_comfy_alt_24dp_E3E3E3_FILL0_wght400_GRAD0_opsz24,
	epd_bitmap_view_cozy_24dp_E3E3E3_FILL0_wght400_GRAD0_opsz24,
	epd_bitmap_visibility_24dp_E3E3E3_FILL0_wght400_GRAD0_opsz24,
	epd_bitmap_visibility_lock_24dp_E3E3E3_FILL0_wght400_GRAD0_opsz24,
	epd_bitmap_volume_off_24dp_E3E3E3_FILL0_wght400_GRAD0_opsz24,
	epd_bitmap_volume_up_24dp_E3E3E3_FILL0_wght400_GRAD0_opsz24,
	epd_bitmap_vrpano_24dp_E3E3E3_FILL0_wght400_GRAD0_opsz24,
	epd_bitmap_wand_shine_24dp_E3E3E3_FILL0_wght400_GRAD0_opsz24,
	epd_bitmap_warning_24dp_E3E3E3_FILL0_wght400_GRAD0_opsz24,
	epd_bitmap_water_drop_24dp_E3E3E3_FILL0_wght400_GRAD0_opsz24,
	epd_bitmap_water_drops_24dp_E3E3E3_FILL0_wght400_GRAD0_opsz24,
	epd_bitmap_wb_sunny_24dp_E3E3E3_FILL0_wght400_GRAD0_opsz24,
	epd_bitmap_weather_mix_24dp_E3E3E3_FILL0_wght400_GRAD0_opsz24,
	epd_bitmap_widgets_24dp_E3E3E3_FILL0_wght400_GRAD0_opsz24,
	epd_bitmap_wifi_1_bar_24dp_E3E3E3_FILL0_wght400_GRAD0_opsz24,
	epd_bitmap_wifi_24dp_E3E3E3_FILL0_wght400_GRAD0_opsz24,
	epd_bitmap_wifi_2_bar_24dp_E3E3E3_FILL0_wght400_GRAD0_opsz24,
	epd_bitmap_wifi_add_24dp_E3E3E3_FILL0_wght400_GRAD0_opsz24,
	epd_bitmap_wifi_password_24dp_E3E3E3_FILL0_wght400_GRAD0_opsz24,
	epd_bitmap_zoom_in_24dp_E3E3E3_FILL0_wght400_GRAD0_opsz24,
	epd_bitmap_zoom_out_24dp_E3E3E3_FILL0_wght400_GRAD0_opsz24
};

#endif //__GRAY_KAZU_H___